,Smiles,CorrectionEnergy
0,CC(C)C,29.309660613498018
1,CCC(C)(C)C,30.468247627548152
2,CC(C)C(C)C,30.5130776275482
3,CCC(C)CC,30.524507627548218
4,CC1CCCC1,31.11061479187302
5,CCCC,29.34333061349792
6,CCCCC,29.946239120523117
7,CCCCCC,30.49249762754809
8,C1CCCCC1,31.06222479187322
9,CCCCCCCC,31.725194641599046
10,CCCCCCCCCCCC,34.04628866970131
11,CCCCCCC,31.092946134573253
12,C1CCCC1,30.58666628484812
13,C1CCCCCCC1,32.58499180592398
14,CC(C)(C)C,29.819659120523013
15,CCCCCCCCCCCCCC,35.32073568375188
16,ClC(Cl)(Cl)Cl,31.329675092422683
17,ClC1C(Cl)C(Cl)C(Cl)C(Cl)C1Cl,35.22531479187391
18,ClC(Cl)Cl,30.382245092422743
19,ClC(Cl)(Cl)C(Cl)(Cl)Cl,33.36088359944792
20,CC(Cl)(Cl)Cl,30.459963599448105
21,CBr,29.09899509242279
22,CCl,28.50240509242274
23,CI,29.58182509242277
24,BrCBr,30.673025092422783
25,CCBr,29.60015359944784
26,ClCBr,30.09215509242278
27,CCCl,28.89587359944791
28,CCI,30.21177359944774
29,ClCCl,29.4423750924227
30,ICI,31.74935509242277
31,CC(C)Cl,29.262992106472808
32,CC(Cl)Cl,29.65166359944773
33,CC(F)F,27.007783599448107
34,FC(Cl)Cl,28.84170509242278
35,FC(F)Cl,27.277005092423106
36,FC(F)F,25.715195092422952
37,FC(F)(F)Br,27.041925092422723
38,FC(Cl)(Cl)Cl,29.61305509242299
39,FC(F)(Cl)Cl,27.904685092422927
40,FC(F)(F)Cl,26.228885092422722
41,ClC(Cl)C(Cl)(Cl)Cl,32.42269359944784
42,FC(F)(Cl)C(F)(Cl)Cl,28.654413599448286
43,FC(F)(Cl)C(F)(F)Cl,27.11445359944823
44,ClCC(Cl)Cl,30.579103599448114
45,ClC(Cl)C(Cl)Cl,31.502463599447893
46,BrCCBr,31.0916135994478
47,CCCBr,30.186222106472904
48,ClCCCl,29.735943599447875
49,BrC1CCCCC1,32.38146479187303
50,CCCCBr,30.817860613498
51,CCCCCl,30.039940613497883
52,ClCCCBr,30.885312106473087
53,CCCCCBr,31.329369120523168
54,CCCCCCBr,31.911637627548288
55,CCCCCCCCBr,33.114064641600194
56,ClCCCCl,30.253992106472907
57,FC(F)(F)C(Cl)Br,28.4098235994485
58,ClC1C(Cl)C(Cl)C(Cl)C(Cl)C1Cl,35.03869479187395
59,ClC1C(Cl)C(Cl)C(Cl)C(Cl)C1Cl,35.420214791873875
60,ClC1C(Cl)C(Cl)C(Cl)C(Cl)C1Cl,35.14874479187375
61,CCCCl,29.4532021064729
62,CF,27.507245092422856
63,CCCCCCCBr,32.488976134574855
64,CCCCCCCCl,31.79170613457495
65,CCCCCCCI,33.04698613457482
66,CCC=C,33.26687796496911
67,C=CC=C,37.18089531644018
68,C1CCC=CC1,34.82125214334414
69,CCCCCCC=C,35.58047199307005
70,CC(C)=C,33.04772796496909
71,CCCCCCCC=C,36.189170500096296
72,C1C=CC=CC=C1,42.87113535331153
73,C\C=C/C,33.10874796496908
74,C=CCC=C,37.76957382346525
75,CCCCC=C,34.46730497901936
76,C=CCCC=C,38.355102330490325
77,CCCCCC=C,35.06622348604439
78,C\C=C\C,33.06498796496907
79,C1C=CCC=C1,38.55017949481538
80,ClC(Cl)=C,33.74469095091895
81,FC(F)=C,30.933860950919048
82,ClC1=C(Cl)C(Cl)(Cl)C(=C1Cl)Cl,42.93494098779061
83,ClC=C(Cl)Cl,34.60451095091885
84,ClC(Cl)=C(Cl)C(Cl)=C(Cl)Cl,42.02653531644028
85,BrCC=C,34.19506945794407
86,ClC(Cl)=C(Cl)Cl,35.50521095091899
87,Cl\C=C/Cl,33.74888095091894
88,Cl\C=C\Cl,33.73682095091892
89,Cl\C=C\Cl,33.73654095091895
90,BrC=C,33.65861095091897
91,BrCCC=C,34.6950579649691
92,Br\C=C\Br,35.088430950918976
93,CCCC#C,-19.223783838165474
94,CCOCC,28.8630934491731
95,CCOC(C)OCC,29.256133298899684
96,CC(C)OC(C)C,29.797030463224147
97,CC(C)OCCO,28.502004791874526
98,COCCO,27.624037777823098
99,COCOC,28.275307777822945
100,CCOC=C,32.691520800644234
101,C1CCOC1,29.42680061349808
102,COCCOC,28.640446284849105
103,CCOCCO,28.08188628484895
104,C1OCOCO1,27.392687777823546
105,CCCOCCC,30.04135046322439
106,ClCCOCCCl,30.330003449173873
107,CCCCOCCO,29.239883298899798
108,CCOCCOCCO,28.856266134574525
109,COCCOCCOC,29.2683061345747
110,CCCCCCOCCO,30.384180312950434
111,CCOCCOCCOCC,30.33520314862521
112,CCCCOCCOCCCC,31.930887327001244
113,CCCCOCCOCCOCCCC,32.64239717672592
114,COC,27.921256435122864
115,CC1OC(C)OC(C)O1,28.500583298899144
116,C1COCCO1,28.998203449173715
117,C1CCOCC1,29.914339120523167
118,CCCCOCCCC,31.20760747727553
119,CCOCOCC,28.919614791874025
120,CCOCCOCC,29.570583298899763
121,C1COCO1,28.241464942147985
122,COC(C)(C)C,29.298611956198343
123,FC(F)OC(F)(F)C(F)Cl,25.448844942148156
124,FC(F)OC(Cl)C(F)(F)F,25.361154942148318
125,CCN(CC)N=O,29.469692143345014
126,O=NN1CCOCC1,29.557062143345192
127,CN(C)N=O,28.34099512929418
128,O=NN(c1ccccc1)c2ccccc2,-39.55022352800485
129,Oc1ccc2ccccc2c1N=O,-31.731184870705377
130,Oc1c(ccc2ccccc12)N=O,-31.726204870705203
131,CC(C)N(N=O)C(C)C,30.51435915739596
132,CCCN(CCC)N=O,30.523869157395794
133,CCCCN(CCCC)N=O,31.80176617144656
134,CCCCN(CC)N=O,30.578209157395946
135,CCCCN(C)N=O,30.01155065037061
136,CCN(C)N=O,28.946243636319736
137,ClCCN(CCCl)[P]1(=O)NCCCO1,34.495229007120685
138,Clc1ccc(cc1)C(c2ccc(Cl)cc2)C(Cl)(Cl)Cl,-35.0000480438008
139,CO[P](=O)(OC)C(O)C(Cl)(Cl)Cl,35.110490650370025
140,CO[P](=S)(OC)Oc1ccc(SC)c(C)c1,1.3613576644201544
141,CCO[P](=S)(OCC)Oc1ccc(cc1)[N+]([O-])=O,2.3284235229166654
142,ClC1CC2C(C1Cl)C3(Cl)C(=C(Cl)C2(Cl)C3(Cl)Cl)Cl,44.562510500095726
143,CNC(=O)CS[P](=S)(OC)OC,37.05961501589148
144,ClC1=C(Cl)C2(Cl)C3C4CC(C5OC45)C3C1(Cl)C2(Cl)Cl,47.496814678469946
145,CO[P](=O)(OC)OC=C(Cl)Cl,37.263108001841104
146,CNC(=O)Oc1cccc2ccccc12,-32.4379978566548
147,ClC1=C(Cl)C2(Cl)C3C4CC(C5OC45)C3C1(Cl)C2(Cl)Cl,47.02049467847017
148,COc1ccc(cc1)C(c2ccc(OC)cc2)C(Cl)(Cl)Cl,-36.34605535840072
149,ClC(Cl)C(c1ccc(Cl)cc1)c2ccc(Cl)cc2,-35.805508043801325
150,Clc1ccc(cc1)C(=C(Cl)Cl)c2ccc(Cl)cc2,-32.100670692330226
151,ClC1C=CC2C1C3(Cl)C(=C(Cl)C2(Cl)C3(Cl)Cl)Cl,47.79916785156655
152,CCCCS[P](=O)(SCCCC)SCCCC,43.31525870657251
153,CC(=O)CC(c1ccccc1)C2=C(O)Oc3ccccc3C2=O,-57.7730921484343
154,CO[P](=S)(OC)SCN1N=Nc2ccccc2C1=O,-25.23075065545993
155,CCC(C)c1cc(cc(c1O)[N+]([O-])=O)[N+]([O-])=O,-0.7214449841087571
156,CC(Oc1ccc(Cl)cc1C)C(O)=O,-3.062849349629346
157,CC(Oc1cc(Cl)c(Cl)cc1Cl)C(O)=O,-2.054637856655418
158,OC(=O)COc1cc(Cl)c(Cl)cc1Cl,-2.471626363680258
159,OC(=O)COc1ccc(Cl)cc1Cl,-3.2157063636797574
160,OC(=O)CCCOc1ccc(Cl)cc1Cl,-2.3479193496292368
161,CC(O[P](C)(F)=O)C(C)(C)C,34.202830500096155
162,CCO[P](=S)(OCC)Oc1ccc(Cl)cc1Cl,1.4409748287457376
163,Clc1nc(Cl)nc(Nc2ccccc2Cl)n1,-46.919147893526414
164,CC(C)OC(=O)Nc1cccc(Cl)c1,-4.454206513954617
165,CN(C)C(=O)Nc1ccccc1,-6.343952185304062
166,CC(CCl)OC(C)CCl,31.314200463224225
167,CNC(=O)Oc1ccccc1OC(C)C,-4.757045171254049
168,OC(c1ccc(Cl)cc1)(c2ccc(Cl)cc2)C(Cl)(Cl)Cl,-35.88648520812576
169,CCO[P](=S)(OCC)Oc1ccc(cc1)[S](C)=O,8.419852029941694
170,CNC(=O)O\N=C\C(C)(C)SC,34.204470687242136
171,CC(Oc1ccc(Cl)cc1Cl)C(O)=O,-2.786817856654949
172,CCOC(=O)CC(S[P](=S)(OC)OC)C(=O)OCC,42.33237773816276
173,CO[P](=S)(OC)Oc1ccc(c(C)c1)[N+]([O-])=O,1.9048050158914975
174,CCNc1nc(Cl)nc(NCC)n1,-15.191652372451045
175,CC(C)OC(=O)Nc1ccccc1,-5.067306513954193
176,ClC(Cl)(Cl)SN1C(=O)C2CC=CCC2C1=O,43.17232371006162
177,CC(C)Nc1nc(Cl)nc(NC(C)C)n1,-14.23771535840001
178,CO[P](=O)(OC)OC(/C)=C/C(=O)N(C)C,38.04304788843808
179,CN(C)C(=O)Nc1ccc(Cl)cc1,-5.720602185304017
180,CO[P](=S)(OC)Oc1ccc(cc1)[N+]([O-])=O,1.3762965088662327
181,CCO[P](=S)(OCC)SCSCC,39.04343900712101
182,CCO[P](=S)(OCC)SCCSCC,39.55734751414627
183,CO[P](=S)(OC)Oc1cc(Cl)c(Cl)cc1Cl,1.3343078146944691
184,CO[P](=S)(NC(C)C)Oc1ccc(Cl)cc1Cl,0.7855176644206097
185,CN[P](=O)(OC)Oc1ccc(cc1Cl)C(C)(C)C,-0.7705253215285666
186,CO[P](=O)(OC)OC(Br)C(Cl)(Cl)Br,36.26709065037028
187,ClC1=C(Cl)C2(Cl)C3C4CC(C=C4)C3C1(Cl)C2(Cl)Cl,49.841312029941705
188,CCO[P](=O)(OCC)Oc1ccc(cc1)[N+]([O-])=O,0.2586335229161705
189,CCC(C)N1C(=O)NC(=C(Br)C1=O)C,3.9208093445421355
190,CCO[P](=S)(CC)Oc1cc(Cl)c(Cl)cc1Cl,3.6818519930703246
191,CN(C)C(=O)Nc1ccc(Cl)c(Cl)c1,-5.01973218530479
192,CON(C)C(=O)Nc1ccc(Cl)c(Cl)c1,-4.614839349630174
193,CCO[P](=S)(OCC)Oc1cc(C)nc(n1)C(C)C,-3.1332468145035364
194,CCO[P](=O)(OCC)OC(=C\Cl)/c1ccc(Cl)cc1Cl,4.814469194266508
195,C1CC[C@H](NC1)c2cccnc2,-7.1706167011001725
196,CO[P](=S)(OC)Oc1ccc(c(Cl)c1)[N+]([O-])=O,2.158596508866097
197,CCCCN(C)C(=O)Nc1ccc(Cl)c(Cl)c1,-3.3189266642291386
198,CN=C=S,34.44984680941505
199,CCO[P](=S)(OCC)SCS[P](=S)(OCC)OCC,45.78065322236711
200,CCCCOC(N)=O,28.946137814695447
201,COC(N)=O,27.331622293619276
202,CCCOC(N)=O,28.387769307670112
203,CCC(=O)Nc1ccc(Cl)c(Cl)c1,-3.3148478566548647
204,CO[P](=S)(OC)SCN1C(=O)c2ccccc2C1=O,6.661686545736018
205,CCCN(CCC)C(=O)SCC,33.60279184279699
206,CCO[P](=S)(OCC)SCSc1ccc(Cl)cc1,4.995686171445556
207,CCNc1nc(NC(C)C)nc(SC)n1,-13.92302252272458
208,CCNc1nc(NC(C)(C)C)nc(SC)n1,-13.446234015699275
209,COC1=NN(CS[P](=S)(OC)OC)C(=O)S1,11.88026218021632
210,CO[P](=S)(OC)SCSc1ccc(Cl)cc1,4.181719157395193
211,ClC1=C(Cl)C2(Cl)[C@H]3CO[S](=O)OC[C@H]3[C@]1(Cl)C2(Cl)Cl,48.55354635859017
212,CO[P](=O)(OC)OC(=C/Cl)/c1cc(Cl)c(Cl)cc1Cl,4.806662180215255
213,[Cl-].C[N+](C)(C)CCCl,35.07577762754951
214,CCNc1nc(NCC)nc(SC)n1,-14.513981029750596
215,ClC1C2OC2C3C1C4(Cl)C(=C(Cl)C3(Cl)C4(Cl)Cl)Cl,45.312250500094564
216,CNC(=O)Oc1cccc(C)c1,-5.407555020979274
217,CNC(=O)Oc1cccc2CC(C)(C)Oc12,-3.8054494999038866
218,CCCN(CCC)c1c(cc(cc1[N+]([O-])=O)C(F)(F)F)[N+]([O-])=O,-1.4073066273649886
219,COc1nc(NC(C)C)nc(NC(C)C)n1,-15.086414015699631
220,CNC(=O)O\N=C\C(C)(C)[S](C)(=O)=O,46.7223424042343
221,NC1=C(Cl)C(=O)N(N=C1)c2ccccc2,-39.65054919935491
222,CON(C)C(=O)Nc1ccc(Cl)cc1,-5.2130193496296755
223,[O-][N+](=O)c1ccc(Oc2ccc(Cl)cc2Cl)cc1,-36.78290352800535
224,[O-][N+](=O)c1ccc(Oc2c(Cl)cc(Cl)cc2Cl)cc1,-36.007023528006144
225,COC(=O)c1c(Cl)c(Cl)c(c(Cl)c1Cl)C(=O)OC,1.842100837515872
226,Clc1c(Cl)c(C#N)c(Cl)c(C#N)c1Cl,-106.38339679685441
227,CCNc1nc(Cl)nc(NC(C)C)n1,-14.706603865425222
228,CCNc1nc(Cl)nc(n1)N(CC)CC,-13.832515358400315
229,COc1c(Cl)ccc(Cl)c1C(O)=O,-3.2077863636801993
230,CC(C)N(C(=O)CCl)c1ccccc1,-2.330540842603881
231,CNC(=O)Oc1ccc(N(C)C)c(C)c1,-5.82250233557906
232,CCO[P](=S)(Oc1ccc(cc1)[N+]([O-])=O)c2ccccc2,-30.79128214843402
233,CO[P](=S)(OC)Oc1cc(Cl)c(Br)cc1Cl,2.0026178146944886
234,CN(C)C(=O)Nc1cccc(c1)C(F)(F)F,-8.158553678279333
235,CCSC(=O)N1CCCCCC1,34.397579007121635
236,CCCC(C)C(=O)Nc1ccc(C)c(Cl)c1,-1.950553828553268
237,CCO[P](=S)(OCC)SCN1C(=O)Oc2cc(Cl)ccc12,-12.885213641408939
238,CC(C)(C)c1ccc(OC2CCCCC2O[S](=O)OCC#C)cc1,-42.017237238066485
239,CNC(=O)Oc1ccc(C)c(C)c1,-4.968176513954134
240,CO[P](=S)(OC)Oc1ccc(cc1Cl)[N+]([O-])=O,2.1787165088662164
241,CNC(=O)Oc1cc(C)cc(c1)C(C)C,-3.8428394999038176
242,CNC(=O)Oc1ccccc1C(C)C,-4.1984180069288755
243,CO[P](=S)(OC)Oc1ccc(cc1)C#N,-52.27052096561819
244,CCO[P](=S)(OCC)SCN1N=Nc2ccccc2C1=O,-24.355923641409447
245,CNC(=O)Oc1cc(C)cc(C)c1,-5.035006513954357
246,CCO[P](=S)(OCC)Oc1nc(Cl)c(Cl)cc1Cl,-0.2810480069296375
247,CON(C)C(=O)Nc1ccc(Br)cc1,-4.564319349629969
248,COC(=O)N[S](=O)(=O)c1ccc(N)cc1,4.873826696011477
249,CO[P](=S)(OC)Oc1ccc(Sc2ccc(O[P](=S)(OC)OC)cc2)cc1,-27.301048120342585
250,CC(C#C)N(C)C(=O)Nc1ccc(Cl)cc1,-53.083059622918185
251,CCC(C)c1ccccc1OC(=O)NC,-3.568559499903728
252,CO[P]1(=S)OCc2ccccc2O1,-0.4337750209792546
253,CCO[P](=S)(OCC)Oc1cc(Cl)c(Br)cc1Cl,3.0527948287449362
254,CO[P](=S)(OC)Oc1nc(Cl)c(Cl)cc1Cl,-1.1095150209807514
255,CC1=C(Cl)C(=O)N(C(=O)N1)C(C)(C)C,3.2331293445416804
256,CC(C)Nc1nc(N)nc(Cl)n1,-15.999790879475796
257,CSc1nc(NC(C)C)nc(NC(C)C)n1,-13.356504015699642
258,CCCC(C)(C)C(=O)Nc1ccc(Cl)cc1,-1.702403828553372
259,CCCO[P](=O)(OCCC)Oc1ccc(SC)cc1,0.9233331854954656
260,CO[P](N)(=O)SC,32.20550647199458
261,CCO[P](=S)(OCC)SC(CCl)N1C(=O)c2ccccc2C1=O,8.832742066811107
262,CCO[P](=S)(Oc1ccc(cc1)C#N)c2ccccc2,-84.4831596229189
263,CCO[P](=S)(OCC)SCSC(C)(C)C,40.15829602117148
264,CON(C)C(=O)Nc1ccc(Br)c(Cl)c1,-3.860479349629813
265,CCO[P](=S)(OCC)O\N=C(C#N)\c1ccccc1,-48.222482421722304
266,[O-][N+](=O)c1ccc(Oc2ccc(cc2[N+]([O-])=O)C(F)(F)F)cc1,-37.37749632681148
267,CN(C)C(=O)Nc1ccc(C)c(Cl)c1,-5.348653678279106
268,CCc1cccc(CC)c1N(COC)C(=O)CCl,-1.5901124858538367
269,CNC(=O)O\N=C(/C)SC,33.11835367319151
270,CCO[P](=O)(Sc1ccccc1)Sc2ccccc2,-31.842888006929968
271,CCCCNC(=O)n1c(NC(=O)OC)nc2ccccc12,-26.68578513438416
272,CO[P](=S)(OC)Oc1cc(Cl)c(I)cc1Cl,2.6185478146944092
273,CC(C)Oc1cc(N2N=C(OC2=O)C(C)(C)C)c(Cl)cc1Cl,-27.501128157204164
274,COc1ccc(NC(=O)N(C)C)cc1Cl,-5.585800842603788
275,CSC1=NN=C(C(=O)N1N)C(C)(C)C,-4.858130842604027
276,CO[P](=S)(Oc1cc(Cl)c(Br)cc1Cl)c2ccccc2,-30.566249349631704
277,CCNc1nc(Cl)nc(NC(C)(C)C#N)n1,-66.07565264573883
278,CCO[P](=O)(NC(C)C)Oc1ccc(SC)c(C)c1,-0.028023978829224916
279,CNC(=O)O\N=C(SC)\C(=O)N(C)C,34.776266545737315
280,CCO[P](=S)(OCC)Oc1cc(C)nc(n1)N(CC)CC,-4.35780263612844
281,CCO[P](=S)(OCC)Oc1ncn(n1)c2ccccc2,-32.43402949990525
282,CCCO[P](=S)(OCCC)SCC(=O)N1CCCCC1C,42.828688743443536
283,CC(C)N1C(=O)c2ccccc2N[S]1(=O)=O,7.651448038712601
284,CCO[P](=S)(NC(C)C)Oc1ccccc1C(=O)OC(C)C,3.54166322236685
285,CC(C)O[P](=O)(OC(C)C)SCc1ccccc1,1.832560349820426
286,Clc1c(Cl)c(Cl)c2C(=O)OCc2c1Cl,-0.02287203503148305
287,CCN(CC)C(=O)SCc1ccc(Cl)cc1,-1.006919499904285
288,CCN(CC)c1nc(C)cc(O[P](=S)(OC)OC)n1,-5.217999650178399
289,CO[P](=O)(NC(C)=O)SC,35.019873673190915
290,CC12CC1(C)C(=O)N(C2=O)c3cc(Cl)cc(Cl)c3,3.369150687241074
291,CCNc1nc(NC(C)(C)C)nc(OC)n1,-14.984214015699791
292,CC(C)c1ccc(NC(=O)N(C)C)cc1,-4.755856664228531
293,Fc1cccc(F)c1C(=O)NC(=O)Nc2ccc(Cl)cc2,-38.845316326809964
294,CCO[P](=O)(OCC)SCN1N=Nc2ccccc2C1=O,-26.44442364140977
295,CCCS[P](=O)(OCC)Oc1ccc(Br)cc1Cl,3.014883335770463
296,CCO[P](=S)(OCC)Oc1nn(C(C)C)c(Cl)n1,3.6030418427954487
297,COC(=O)c1cc(Oc2ccc(Cl)cc2Cl)ccc1[N+]([O-])=O,-34.00373349113448
298,CCOc1cc(Oc2ccc(cc2Cl)C(F)(F)F)ccc1[N+]([O-])=O,-38.67695517126003
299,CC(C)(C)C(=O)C(Oc1ccc(Cl)cc1)n2cncn2,-32.95046949990473
300,CC(C)OC(=O)C(C(=O)OC(C)C)=C1SCCS1,42.757524902487546
301,COC(=O)C(C)Oc1ccc(Oc2ccc(Cl)cc2Cl)cc1,-35.7295223355805
302,CC(C)C(C(=O)OC(C#N)c1cccc(Oc2ccccc2)c1)c3ccc(Cl)cc3,-119.68837275915365
303,CC1(C)C(C=C(Cl)Cl)C1C(=O)OC(C#N)c2cccc(Oc3ccccc3)c2,-78.54867690065714
304,CC1(C)[C@@H](C=C(Cl)Cl)[C@H]1C(=O)OCc2cccc(Oc3ccccc3)c2,-27.081258120334724
305,CC(C)(C)C(O)C(Oc1ccc(cc1)c2ccccc2)n3cncn3,-70.5096526730006
306,CC(C)(C)C(O)C(Oc1ccc(Cl)cc1)n2cncn2,-36.326966851375715
307,COCC(=O)N(C(C)C(=O)OC)c1c(C)cccc1C,-0.012060956008724588
308,CSC(/C)=N/OC(=O)N(C)SN(C)C(=O)O\N=C(/C)SC,39.95647359665867
309,CCCCOC(=O)N(C)SN(C)C(=O)Oc1cccc2CC(C)(C)Oc12,0.06185307208204449
310,CCCN(CCOc1c(Cl)cc(Cl)cc1Cl)C(=O)n2ccnc2,-31.667040992879606
311,CC(C)C(C(=O)OC(C#N)c1cccc(Oc2ccccc2)c1)c3ccc(OC(F)F)cc3,-121.8086114164526
312,Nc1c(Cl)c(Oc2ccccc2)ccc1[N+]([O-])=O,-39.725727856654785
313,COC(=O)c1ccccc1[S](=O)(=O)NC(=O)Nc2nc(C)cc(C)n2,-29.86020908874798
314,COC(=O)c1ccccc1[S](=O)(=O)NC(=O)Nc2nc(C)nc(OC)n2,-32.902509088748076
315,CC(C)(C)C(O)C(Cc1ccc(Cl)cc1Cl)n2cncn2,-34.75889118002502
316,COC(=O)c1ccccc1C[S](=O)(=O)NC(=O)Nc2nc(OC)cc(OC)n2,-30.645934910375075
317,Fc1cccc(F)c1C(=O)NC(=O)Nc2cc(Cl)c(F)c(Cl)c2F,-38.99937632681299
318,CCOC(=O)c1ccccc1[S](=O)(=O)NC(=O)Nc2nc(Cl)cc(OC)n2,-29.449366253073606
319,c1ccc(cc1)c2ccccc2,-39.70860505785109
320,Brc1ccc(cc1)c2ccccc2,-38.32680505785075
321,Cc1ccc(cc1)c2ccccc2,-39.32809655082552
322,Clc1cccc(c1)c2cccc(Cl)c2,-38.4730150578513
323,Clc1ccc(cc1)c2ccc(Cl)cc2,-38.48575505785098
324,Clc1c(Cl)c(Cl)c(c(Cl)c1Cl)c2c(Cl)c(Cl)c(Cl)c(Cl)c2Cl,-32.54064505785223
325,Clc1ccccc1c2ccccc2,-39.13569505785098
326,Clc1cccc(c1)c2ccccc2,-39.097205057851085
327,Clc1ccc(cc1)c2ccccc2,-39.1020550578511
328,Clc1cc(Cl)c(Cl)c(c1Cl)c2c(Cl)c(Cl)cc(Cl)c2Cl,-34.232725057852505
329,Clc1ccc(c(Cl)c1)c2ccc(Cl)cc2Cl,-37.233835057851266
330,Clc1ccc(cc1Cl)c2ccccc2,-38.37501505785134
331,Clc1ccc(cc1)c2ccc(Cl)cc2Cl,-37.857475057851076
332,Clc1ccccc1c2ccccc2Cl,-38.56462505785126
333,Clc1cc(Cl)c(cc1Cl)c2ccccc2,-37.72177505785126
334,Clc1cccc(Cl)c1c2c(Cl)cccc2Cl,-37.34659505785126
335,Clc1cccc(c2ccccc2)c1Cl,-38.41486505785147
336,Clc1ccc(cc1)c2cc(Cl)ccc2Cl,-37.85743505785119
337,Clc1c(Cl)c(Cl)c(c2ccccc2)c(Cl)c1Cl,-36.150585057851146
338,Clc1cccc(c1)c2ccccc2Cl,-38.515595057851115
339,Clc1ccc(cc1Cl)c2cc(Cl)c(Cl)cc2Cl,-36.35086505785162
340,Clc1ccc(c(Cl)c1)c2ccc(Cl)c(Cl)c2,-37.119025057851246
341,Clc1ccc(Cl)c(c1)c2ccc(Cl)c(Cl)c2,-37.115155057851226
342,Clc1ccc(cc1Cl)c2ccc(Cl)c(Cl)c2,-37.01491505785147
343,Clc1ccc(cc1)c2cc(Cl)c(Cl)cc2Cl,-37.09455505785094
344,Clc1ccc(cc1)c2ccc(Cl)c(Cl)c2Cl,-37.04605505785108
345,Clc1cccc(Cl)c1c2ccccc2,-38.52030505785129
346,Clc1ccc(c(Cl)c1)c2ccccc2,-38.47842505785107
347,Clc1cc(c2ccccc2)c(Cl)c(Cl)c1Cl,-36.89618505785134
348,Clc1cc(Cl)c(c(Cl)c1)c2c(Cl)cc(Cl)cc2Cl,-35.93018505785189
349,Clc1ccc(Cl)c(c1)c2ccccc2,-38.479565057851374
350,Clc1ccc(cc1)c2ccccc2Cl,-38.521805057851154
351,Clc1cc(Cl)c(cc1Cl)c2cc(Cl)c(Cl)cc2Cl,-35.69045505785212
352,Clc1ccc(c(Cl)c1Cl)c2cc(Cl)c(Cl)cc2Cl,-35.65545505785181
353,Clc1cc(Cl)c(c(Cl)c1)c2ccccc2,-37.822065057851106
354,Clc1ccc(Cl)c(c1)c2cc(Cl)ccc2Cl,-37.23638505785098
355,Clc1ccc(c(Cl)c1)c2cc(Cl)c(Cl)c(Cl)c2Cl,-35.63223505785224
356,Brc1ccc(c(Br)c1Br)c2ccc(Br)c(Br)c2Br,-31.00103505785242
357,Clc1ccc(Cl)c(c1)c2ccccc2Cl,-37.897545057851545
358,Clc1ccc(c(Cl)c1)c2ccccc2Cl,-37.90256505785115
359,Clc1ccc(Cl)c(c1)c2cc(Cl)c(Cl)cc2Cl,-36.470965057851714
360,Clc1ccc(Cl)c(c1)c2c(Cl)ccc(Cl)c2Cl,-36.52072505785159
361,Clc1ccc(c(Cl)c1)c2cc(Cl)c(Cl)cc2Cl,-36.47433505785162
362,Clc1ccc(Cl)c(c1)c2ccc(Cl)c(Cl)c2Cl,-36.42149505785132
363,Clc1ccc(cc1Cl)c2c(Cl)ccc(Cl)c2Cl,-36.39759505785119
364,Clc1ccc(c(Cl)c1Cl)c2ccc(Cl)c(Cl)c2Cl,-35.605775057851716
365,Clc1ccc(Cl)c(c1Cl)c2c(Cl)ccc(Cl)c2Cl,-35.81792505785202
366,Clc1ccccc1c2c(Cl)cccc2Cl,-37.95506505785137
367,Clc1ccc(cc1)c2c(Cl)cccc2Cl,-37.899915057851246
368,Clc1cccc(c1Cl)c2ccccc2Cl,-37.837775057851246
369,Clc1cccc(c1)c2cc(Cl)ccc2Cl,-37.84706505785121
370,Clc1ccc(cc1)c2cccc(Cl)c2Cl,-37.795165057851264
371,Clc1ccc(cc1Cl)c2ccccc2Cl,-37.78558505785138
372,Clc1ccc(cc1)c2ccc(Cl)c(Cl)c2,-37.75287505785094
373,Clc1cccc(c1Cl)c2cccc(Cl)c2Cl,-37.105755057851326
374,Clc1ccc(Cl)c(c1)c2cccc(Cl)c2Cl,-37.17517505785159
375,Clc1ccc(c(Cl)c1)c2cc(Cl)ccc2Cl,-37.24056505785134
376,Clc1cccc(c1Cl)c2cc(Cl)c(Cl)cc2Cl,-36.39947505785189
377,Clc1ccc(c(Cl)c1Cl)c2ccccc2Cl,-37.0879350578513
378,Clc1cccc(c1Cl)c2c(Cl)ccc(Cl)c2Cl,-36.460845057851344
379,Clc1ccc(Cl)c(c1)c2cc(Cl)cc(Cl)c2Cl,-36.45485505785169
380,Clc1cc(Cl)c(Cl)c(c1)c2c(Cl)ccc(Cl)c2Cl,-35.74765505785187
381,Clc1cccc(c1Cl)c2cc(Cl)c(Cl)c(Cl)c2Cl,-35.57636505785163
382,c1ccc2c(c1)cc3ccc4cccc5ccc2c3c45,-101.67574222217607
383,c1ccc2c(c1)ccc3cc4c(ccc5ccccc45)cc23,-112.89807655082619
384,Cc1ccc2cc3c(ccc4ccccc34)c5CCc1c25,-84.04243953677575
385,c1ccc2cc3c(ccc4ccccc34)cc2c1,-86.13186222217541
386,Cc1c2ccccc2c(C)c3c4ccccc4ccc13,-84.90099520812574
387,c1cnc2c(c1)ccc3cccnc23,-64.32856356487598
388,C1Cc2cccc3cccc1c23,-31.18264938650107
389,c1ccc2c(c1)ccc3ccccc23,-59.568827893526134
390,C1c2ccccc2c3ccccc13,-38.659149386500815
391,[nH]1c2ccccc2c3ccccc13,-54.52951072920088
392,c1ccc2cc3cc4ccccc4cc3cc2c1,-85.92439222217558
393,c1ccc2cc3ccccc3cc2c1,-59.35225789352589
394,c1cc2ccc3cccc4ccc(c1)c2c34,-75.05861789352602
395,s1c2ccccc2c3ccccc13,-51.79341356487605
396,c1cc2ccc3ccc4ccc5cccc6c(c1)c2c3c4c56,-117.35717222217659
397,c1cc2cccc3c4cccc5cccc(c(c1)c23)c45,-101.60324222217585
398,c1ccc2c(c1)c3cccc4cccc2c34,-65.5262022221757
399,c1cc2cccc3C=Cc(c1)c23,-27.009742035030058
400,c1ccc2cc3c4ccccc4c5ccccc5c3cc2c1,-112.84656655082601
401,c1ccc2c(c1)c3ccccc3c4ccccc24,-86.25095222217556
402,c1ccc2c(c1)ccc3c4ccccc4ccc23,-86.22507222217587
403,c1ccc2c(c1)ccc3cc4ccc5ccccc5c4cc23,-112.89476655082616
404,c1cnc2c(c1)ccc3ncccc23,-64.60747356487597
405,C1c2ccccc2c3ccc4ccccc4c13,-65.27025371515035
406,C1c2ccccc2c3cc4ccccc4cc13,-65.34226371515024
407,c1ccc2nc3ccccc3cc2c1,-61.78091072920098
408,Nc1cccc2nc3ccccc3cc12,-63.93977505785111
409,[O-][N+](=O)c1c2ccccc2cc3ccccc13,-56.98179919935505
410,[O-][N+](=O)c1ccc2c(Cc3ccccc23)c1,-36.52486069232992
411,Cc1ccc2cc3ccccc3cc2c1,-58.97668938650037
412,Nc1ccc2cc3ccccc3cc2c1,-61.56222222217525
413,Cc1c2ccccc2cc3ccccc13,-58.84379938650051
414,Cc1c2ccccc2c(C)c3ccccc13,-58.3096208794755
415,Cc1cccc2c1ccc3ccccc23,-59.13468938650047
416,Cc1cccc2c1Cc3ccccc23,-38.25288087947574
417,Cc1ccc2c(ccc3ccccc23)c1,-59.18575938650048
418,Nc1cc2c3ccccc3ccc2c4ccccc14,-88.34257655082537
419,CCc1ccc2cc3ccccc3cc2c1,-58.37187087947545
420,c1ccccc1,-6.180759236227139
421,Cc1c(C)c(C)c(C)c(C)c1C,-3.41323819407458
422,Cc1ccccc1C,-5.357852222177144
423,Cc1ccc(C)c(C)c1,-4.969433715150643
424,Cc1cc(C)c(C)cc1C,-4.554615208125568
425,CC(C)(C)c1ccccc1,-4.002355208125394
426,CC(C)c1ccccc1,-4.62004371515053
427,CC(=C)c1ccccc1,-0.8775963636796149
428,CC(C)c1ccc(C)cc1,-4.227535208125531
429,CCc1ccccc1,-5.201612222177118
430,C=Cc1ccccc1,-1.2463948707057284
431,C(c1ccccc1)c2ccccc2,-39.130356550825255
432,C(Cc1ccccc1)c2ccccc2,-38.5968780438003
433,c1ccc(cc1)\C=C\c2ccccc2,-34.7954206923294
434,CCCc1ccccc1,-4.629083715150458
435,CCCCc1ccccc1,-4.053645208125502
436,CCc1ccc(CC)cc1,-4.2103052081253765
437,Cc1ccc(C)cc1,-5.410662222177052
438,Cc1cccc(C)c1,-5.423462222177022
439,Cc1cc(C)cc(C)c1,-5.0453437151504374
440,Cc1ccccc1,-5.801950729201991
441,CCc1ccccc1CC,-4.162435208125515
442,CCC(C)c1ccccc1,-4.016665208125431
443,CCc1cccc(CC)c1,-4.218985208125531
444,Cc1cccc(C)c1C,-4.928433715150462
445,C#Cc1ccccc1,-54.32982518086564
446,CCCCCc1ccccc1,-3.4364767010999344
447,CC(C)Cc1ccccc1,-4.041565208125533
448,CCc1ccccc1C,-4.701173715150588
449,Cc1ccc(cc1)c2ccc(C)cc2,-38.94755804380031
450,CCc1ccc(C)cc1,-4.810543715150487
451,Cc1cc(C)c(C)c(C)c1C,-3.9985867011000096
452,CCCCCCc1ccccc1,-2.8340081940749826
453,CCCCCCCCc1ccccc1,-1.6513611800240824
454,[O-][N+](=O)c1c(Cl)c(Cl)c(Cl)c(Cl)c1Cl,-0.00765054205592719
455,COc1c(Cl)cc(Cl)cc1Cl,-4.086467893526418
456,Clc1cccc(Cl)c1Cl,-4.1154792362267685
457,[O-][N+](=O)c1ccccc1Cl,-3.2354305420556386
458,[O-][N+](=O)c1cc(Cl)ccc1Cl,-2.4990605420555596
459,[O-][N+](=O)c1cc(Cl)c(Cl)cc1Cl,-1.711450542055701
460,Cc1ccccc1Cl,-5.230620729201306
461,Clc1ccccc1Cl,-4.860249236226792
462,Clc1cc(Cl)c(Cl)cc1Cl,-3.388399236227116
463,[O-][N+](=O)c1ccc(Cl)c(Cl)c1,-2.5533405420558353
464,[O-][N+](=O)c1ccc(Cl)cc1,-3.3522305420556506
465,Brc1ccc(Br)cc1,-3.3829092362268867
466,Cc1ccc(Br)cc1,-4.4268207292013955
467,Clc1ccc(Br)cc1,-4.155619236226606
468,Cc1ccc(Cl)cc1,-5.19934072920114
469,Clc1ccc(Cl)cc1,-4.926389236226925
470,Brc1cccc(Br)c1,-3.3778892362266006
471,Clc1cccc(Br)c1,-4.151599236226531
472,Clc1cc(Cl)cc(Cl)c1,-4.220019236226818
473,Brc1ccccc1,-4.803619236227092
474,Clc1ccccc1,-5.579339236227078
475,[O-][N+](=O)c1c(Cl)c(Cl)cc(Cl)c1Cl,-0.8667205420559014
476,Clc1c(Cl)c(Cl)c(Cl)c(Cl)c1Cl,-1.6939892362268196
477,Clc1ccc(Cl)c(Cl)c1,-4.168779236226818
478,[O-][N+](=O)c1cccc(Cl)c1,-3.3165605420556687
479,Fc1ccc(CCl)cc1,-5.652080729201572
480,Fc1cccc(F)c1,-7.382859236226778
481,Fc1ccccc1,-6.796489236226563
482,Fc1ccc(F)cc1,-7.357759236226713
483,Clc1cccc(Cl)c1,-4.922059236226943
484,Brc1ccccc1Br,-3.3538892362267063
485,Cc1cccc(Br)c1,-4.432330729201354
486,Ic1ccccc1,-4.250709236227209
487,Clc1cc(Cl)c(Cl)c(Cl)c1Cl,-2.548319236226945
488,Fc1cccc(Cl)c1,-6.149999236226705
489,Brc1cc(Br)cc(Br)c1,-1.914639236227039
490,Clc1ccc(Cl)c(Cl)c1Cl,-3.3444392362269255
491,Clc1cc(Cl)c(Cl)c(Cl)c1,-3.3904992362270363
492,Brc1cc(Br)c(Br)cc1Br,-0.3963392362270781
493,[O-][N+](=O)c1cc(Cl)c(Cl)c(Cl)c1Cl,-0.8400705420556562
494,Fc1cccc(Br)c1,-5.373089236226669
495,[O-][N+](=O)c1ccc(Cl)c(Cl)c1Cl,-1.6720005420559403
496,[O-][N+](=O)c1c(Cl)cc(Cl)cc1Cl,-1.7511205420558156
497,NC(=O)c1ccccc1,-5.782874870704916
498,CC1=CC(=O)c2ccccc2C1=O,5.509638188987481
499,CN(C)c1ccc(cc1)N=Nc2ccccc2,-39.682253678278585
500,CCCCNC(=O)N[S](=O)(=O)c1ccc(C)cc1,7.995257888437095
501,NC(=O)c1ccccc1O,-6.61229203502991
502,O=C1OC(=O)c2ccccc12,-0.6000018478842293
503,Oc1ccccc1C(=O)Nc2ccccc2,-40.22794785665464
504,c1ccc(cc1)c2ccc(cc2)c3ccccc3,-73.2442708794752
505,O=C(OOC(=O)c1ccccc1)c2ccccc2,-33.07326199815979
506,FC(F)(F)c1ccccc1,-7.996220729201937
507,ClCc1ccccc1,-5.054470729201299
508,ONc1ccccc1,-8.07631072920141
509,COc1ccccc1,-6.221557893526409
510,CSc1ccccc1,-4.62343789352677
511,O(c1ccccc1)c2ccccc2,-40.013542222175815
512,O=CNc1ccccc1,-5.5325048707049405
513,S=C=Nc1ccccc1,0.3908124807657032
514,CCOc1ccccc1,-5.746609386500779
515,CC(=O)Nc1ccccc1,-5.282156363680016
516,CC(=O)Nc1ccc(cc1)[S](N)(=O)=O,5.804333860337266
517,CC(=O)Nc1ccccc1Cl,-4.654816363680013
518,CC(=O)Nc1cccc(C)c1,-4.906817856654584
519,CC(=O)Nc1ccccc1[N+]([O-])=O,-3.164877669508911
520,CN(C(C)=O)c1ccccc1,-4.353167856654778
521,CC(=O)Nc1ccccc1O,-6.065533528004835
522,S=C=NCc1ccccc1,1.064940987791175
523,Oc1ccc2CCCCc2c1,-4.702935208125567
524,NC(=O)c1c(Cl)cccc1Cl,-4.528364870705161
525,Cc1cccc(Oc2ccc(cc2)[N+]([O-])=O)c1,-37.74742502098022
526,ClC(Cl)(Cl)CC(=C)c1ccccc1,2.183542143345335
527,CCNCNC(=O)c1ccccc1,-5.682143678279118
528,CN,25.908240763772852
529,CCN,26.349889270797902
530,CC(C)N,26.868927777823046
531,CN(C)C,27.364127777823
532,CC(C)(C)N,27.377236284848124
533,CC(C)CN,27.634616284848022
534,NCc1ccccc1,-7.588495057851489
535,CCCN(CCC)CCC,30.86302881997574
536,CCCCC(CC)CN,30.056250312950738
537,CCCN,27.067467777822912
538,NCC=C,30.891645129294083
539,NC1CCCCC1,29.182650463223368
540,CCCCN,27.59856628484809
541,CCNCC,27.875046284848082
542,CCCCCN,28.087254791873235
543,CCCCCCN,28.84734329889814
544,CCCCNCCCC,30.045000312950734
545,CCN(CC)CC,29.187503298898122
546,C=CCNCC=C,36.84918800184033
547,CNC,26.712329270797902
548,NCCO,25.638472106472847
549,CCCNCCC,28.96001329889812
550,Nc1ccccc1,-8.386883564877124
551,Nc1ccccc1[N+]([O-])=O,-6.374704870705443
552,CCN(CC)c1ccccc1,-5.5085995367749945
553,Nc1ccc(cc1Cl)c2ccc(N)c(Cl)c2,-42.885203715150965
554,Nc1ccc(cc1)c2ccc(N)cc2,-44.11092371515062
555,Nc1ccccc1Cl,-7.571183564876193
556,Cc1ccccc1N,-7.928545057851494
557,Nc1ccccc1N,-10.244187893526131
558,Nc1ccccc1O,-9.279000729201485
559,Nc1ccc(Cl)c(Cl)c1,-7.093643564876345
560,Nc1cc(cc(c1O)[N+]([O-])=O)[N+]([O-])=O,-4.689143340860014
561,Nc1cccc(c1)[N+]([O-])=O,-6.2202248707052945
562,Nc1ccc(cc1)[N+]([O-])=O,-6.38111487070563
563,CNc1ccccc1,-7.548785057851461
564,Nc1ccc(Cc2ccc(N)cc2)cc1,-43.49122520812507
565,Nc1ccc(Cl)cc1,-7.783023564876373
566,Cc1ccc(N)cc1,-7.970195057851612
567,Nc1ccc(N)cc1,-10.469957893526129
568,Nc1cccc(Cl)c1,-7.813883564876221
569,Cc1cccc(N)c1,-8.018825057851615
570,Nc1cccc(N)c1,-10.65848789352603
571,COc1cc(ccc1N)c2ccc(N)c(OC)c2,-43.888841029750495
572,CN(C)c1ccccc1,-6.686166550825533
573,N(c1ccccc1)c2ccccc2,-41.63302938650057
574,COc1ccc(C=O)cc1,-3.126629199355037
575,Nc1ccc(O)cc1,-9.349470729201371
576,Nc1ccc(Cl)cc1Cl,-7.123583564876242
577,Nc1cccc(O)c1,-9.51784072920124
578,Nc1cc(Cl)cc(Cl)c1,-7.191263564876351
579,Nc1c(Cl)cc(Cl)cc1Cl,-6.427483564876354
580,Oc1ccc(cc1[N+]([O-])=O)[N+]([O-])=O,-2.645069012209518
581,Oc1c(Cl)cc(Cl)c(Cl)c1Cl,-4.2837264005514655
582,CC(C)(c1ccc(O)cc1)c2ccc(O)cc2,-39.96084386542498
583,Oc1c(Cl)cccc1Cl,-5.817246400551639
584,Oc1c(Cl)c(Cl)c(Cl)c(Cl)c1Cl,-3.452576400551486
585,Oc1c(Cl)cc(Cl)cc1Cl,-5.100386400551649
586,Oc1ccccc1[N+]([O-])=O,-5.172447706380225
587,Oc1c(cc(cc1[N+]([O-])=O)[N+]([O-])=O)[N+]([O-])=O,-0.3094903180388826
588,CC(C)c1ccc(C)cc1O,-5.256982372450253
589,CCc1ccccc1O,-6.20645938650074
590,COc1ccccc1O,-7.018755057851095
591,Oc1ccccc1c2ccccc2,-40.78883222217564
592,COc1cccc(OC)c1O,-6.9241837151505194
593,Oc1ccc(cc1)c2ccccc2,-40.77112222217578
594,Cc1ccccc1O,-6.813077893526355
595,Oc1ccccc1Cl,-6.580346400551534
596,Cc1ccc(O)cc1C,-6.413799386500671
597,Cc1ccc(C)c(O)c1,-6.4324393865006755
598,Oc1cc(Cl)c(Cl)cc1Cl,-5.096356400551578
599,Oc1ccc(Cl)cc1Cc2cc(Cl)ccc2O,-39.84615087947627
600,CC(C)(C)c1ccc(O)cc1,-5.0492823724503495
601,Oc1ccc(cc1)[N+]([O-])=O,-5.138867706380196
602,Cc1ccc(O)c(C)c1,-6.410339386500766
603,Oc1ccc(Br)cc1,-5.848846400551665
604,Cc1ccc(O)cc1,-6.709057893526349
605,Oc1ccc(Cl)cc1,-6.614216400551513
606,Cc1cccc(O)c1,-6.880557893526301
607,Oc1cccc(Cl)c1,-6.48167640055145
608,Oc1cccc(O)c1,-8.338563564876438
609,Cc1cc(C)cc(O)c1,-6.363339386500741
610,Oc1cc(O)cc(O)c1,-9.486210729201517
611,Oc1ccccc1,-7.104876400551902
612,Oc1c(Br)cc(Br)cc1Br,-2.811696400552016
613,Cc1ccc(O)c(c1)[N+]([O-])=O,-4.767089199355112
614,Oc1ccccc1O,-8.172963564876397
615,Oc1ccc(Cl)cc1Cl,-5.842926400551605
616,COc1cc(C=O)ccc1O,-3.891436363679901
617,CCc1ccc(O)cc1,-6.239829386500631
618,Oc1ccc(C=O)cc1,-4.146507706380007
619,CCCCCCc1ccc(O)cc1O,-4.95436252272458
620,COc1ccc(O)cc1,-7.191295057850894
621,Oc1cc(ccc1[N+]([O-])=O)[N+]([O-])=O,-2.55172901220962
622,Oc1ccc(cc1[N+]([O-])=O)C(F)(F)F,-6.9211091993553
623,Oc1cc(F)ccc1[N+]([O-])=O,-5.510907706380166
624,Cc1cc(C)c(O)c(C)c1,-5.976650879475571
625,Cc1cc(cc(c1O)[N+]([O-])=O)[N+]([O-])=O,-2.493480505184465
626,Oc1cccc(c1)[N+]([O-])=O,-4.887497706380245
627,Oc1c(cccc1[N+]([O-])=O)[N+]([O-])=O,-2.701699012209545
628,Oc1cccc(Cl)c1Cl,-5.808986400551575
629,Cc1cccc(C)c1O,-6.382889386500722
630,Oc1cc(Cl)ccc1Cl,-5.923356400551583
631,Oc1cc(cc(c1)[N+]([O-])=O)[N+]([O-])=O,-2.5118090122094543
632,Oc1cccc(Br)c1,-5.703906400551759
633,Oc1cc(Cl)cc(Cl)c1,-5.969906400551622
634,Oc1cccc(O)c1[N+]([O-])=O,-6.131534870705252
635,Oc1ccc(Br)cc1Br,-4.3296464005517095
636,Oc1ccc(cc1[N+]([O-])=O)c2ccccc2,-38.42167352800537
637,Oc1c(Cl)ccc(Cl)c1Cl,-5.077466400551529
638,COc1ccc(O)c(c1)[N+]([O-])=O,-4.795266363680341
639,Cc1cc(Cl)ccc1O,-6.189557893526256
640,Cc1ccc(C)c(O)c1C,-5.941020879475715
641,Cc1cc(O)ccc1[N+]([O-])=O,-4.74765919935507
642,Oc1ccc(C=O)cc1[N+]([O-])=O,-1.7677890122093487
643,CCC(C)c1ccc(O)c(c1)[N+]([O-])=O,-2.746943678279223
644,Cc1cccc(O)c1[N+]([O-])=O,-4.530049199355361
645,Cc1cc(O)c(cc1Cl)[N+]([O-])=O,-4.1544991993551434
646,CC(O)C(O)=O,28.800907964969824
647,CCCCCCCCCCCCCCCC(O)=O,37.323795720623934
648,OC=O,28.805738115243937
649,CC(O)=O,29.039336622268863
650,OC(=O)C(Cl)(Cl)Cl,31.97134662226909
651,OC(=O)C(O)(c1ccccc1)c2ccccc2,-38.24575218530482
652,CC12[C@@H](O)C=C[C@@]3(OC1=O)[C@@H]4CC[C@]5(O)C[C@]4(CC5=C)[C@H]([C@H]23)C(O)=O,49.21247046043109
653,OC(=O)CC(O)(CC(O)=O)C(O)=O,32.553969531686676
654,CCC(O)=O,29.652945129293983
655,OC(=O)CCl,30.0338866222692
656,CC(C)C(O)=O,30.229133636319908
657,CC(=C)C(O)=O,34.11309098779079
658,OC(=O)C(Cl)Cl,31.015066622269202
659,CCC(Br)C(O)=O,31.80761363631958
660,OC(=O)Cc1cccc2ccccc12,-30.82582352800432
661,OC(=O)Cc1c[nH]c2ccccc12,-25.80874636367993
662,CCC(CC)C(O)=O,31.39023065037044
663,OC(C(O)=O)c1ccccc1,-5.012116363679439
664,Cc1cc(Cl)ccc1OCC(O)=O,-3.542937856655385
665,OC(=O)C1CCCCC1,32.49315632172099
666,CCCC(CCC)C(O)=O,32.57009766442134
667,OC(=O)Cc1ccccc1,-4.236599199354785
668,CCCC(O)=O,30.201563636319946
669,CCCCC(O)=O,30.815752143345534
670,OC(=O)CCC(O)=O,31.21681665914093
671,OC(=O)\C=C\C(O)=O,35.23983401061178
672,C/C=C/C=C/C(O)=O,38.944475353312114
673,OC(=O)CCCC(O)=O,31.71323516616623
674,OC(=O)CCCCCC(O)=O,32.834112180216664
675,CCCCCCCCC(O)=O,33.144646171446254
676,CCCCCCCCCCC(O)=O,34.36810318549692
677,OC(=O)CCCCCCCCC=C,38.19669053696822
678,OC(=O)C(c1ccccc1)c2ccccc2,-37.45442502097916
679,OC(=O)COc1ccccc1,-4.608746363679671
680,OC(=O)COc1ccc(Cl)cc1,-3.9562263636795763
681,OC(=O)CCCCCCCC(O)=O,34.00761919426748
682,OC(=O)CCCCC(O)=O,32.257483673191516
683,CCCCCCCC(O)=O,32.57776766442127
684,OC(=O)\C=C\c1ccccc1,0.14673665914142475
685,CCCCCC(O)=O,31.380460650370537
686,CCCCCCCCCCCC(O)=O,34.86877169252236
687,CCCCC(CC)C(O)=O,32.71174766442135
688,CCCCCCCCCC(O)=O,33.69234467847173
689,OC(=O)CNC(=O)c1ccccc1,-3.427864833833368
690,OC(=O)CCc1ccccc1,-3.752570692329371
691,OCC(C(O)=O)c1ccccc1,-4.488757856654871
692,CCCCCCCCCCCCCC(O)=O,36.10722870657315
693,OC(=O)COc1ccc(Cl)c(Cl)c1,-3.142146363680368
694,CC(O)C(O)=O,28.82095796496968
695,OC(=O)COc1ccccc1Cl,-3.8712463636794894
696,OC(=O)\C=C\c1ccccc1,0.12529665914119903
697,COc1ccc(\C=C\C(O)=O)cc1,0.07260800184138816
698,C/C=C/C(O)=O,34.021480987790625
699,OC(CC(O)=O)C(O)=O,30.42313949481597
700,CC(=O)Oc1ccccc1C(O)=O,-2.4151776695086085
701,OC(=O)c1cc(Cl)cc(Cl)c1,-3.3608277063802774
702,OC(=O)c1ccc(Cl)c(Cl)c1,-3.3304877063800262
703,OC(=O)c1ccncc1,-7.184550542055646
704,OC(=O)c1ccc(cc1)[N+]([O-])=O,-2.4881590122093513
705,Nc1ccc(C(O)=O)c(O)c1,-8.066859199354951
706,OC(=O)c1ccccc1,-4.742637706380137
707,OC(=O)c1ccccc1O,-5.659694870705096
708,OC(=O)c1ccc(Cl)cc1,-4.10470770638004
709,OC(=O)c1cccc2ccccc12,-31.32312203502991
710,OC(=O)c1cscc1,3.521036622269598
711,OC(=O)c1occc1,2.2427966222694877
712,OC(=O)c1ccccc1I,-2.600267706380336
713,OC(=O)c1ccccc1C(O)=O,-3.0619161765338703
714,OC(=O)c1ccc2ccccc2c1,-31.398502035029665
715,CC(C)(C)c1ccc(cc1)C(O)=O,-2.605663678278944
716,Cc1cccc(c1)C(O)=O,-4.358279199354996
717,Nc1cccc(c1)C(O)=O,-6.912652035030078
718,OC(=O)c1cccc(O)c1,-5.616494870705026
719,OC(=O)c1cc(cc(c1)[N+]([O-])=O)[N+]([O-])=O,-0.1076203180385562
720,OC(=O)c1ccc(O)c(O)c1,-6.535532035030442
721,Cc1ccc(cc1)C(O)=O,-4.389769199355072
722,OC(=O)c1ccc(O)cc1,-5.860134870705394
723,COc1ccc(cc1)C(O)=O,-4.848316363680084
724,Cc1ccccc1C(O)=O,-4.36067919935482
725,OC(=O)c1ccccc1Cl,-4.018957706380064
726,Nc1ccccc1C(O)=O,-7.119252035030058
727,COc1cc(ccc1O)C(O)=O,-5.6063035280051
728,OC(=O)c1cccc(c1)C(O)=O,-3.2690261765336857
729,OC(=O)c1cccc(c1)[N+]([O-])=O,-2.4969890122090987
730,Nc1cc(Cl)cc(C(O)=O)c1Cl,-5.541742035030907
731,OC(=O)c1cc(O)c(O)c(O)c1,-7.4997091993551095
732,Nc1ccc(cc1)C(O)=O,-7.0635020350300834
733,OC(=O)c1c(O)cccc1O,-6.94148203503029
734,OC(=O)c1ccccc1F,-5.271867706380462
735,OC(=O)c1cccc(F)c1,-5.286207706380395
736,OC(=O)c1ccc(F)cc1,-5.352237706380365
737,OC(=O)c1ccccc1c2ccccc2C(O)=O,-36.620351998158455
738,OC(=O)c1cc(O)ccc1O,-6.777222035029823
739,OC(=O)c1cccc(Cl)c1,-4.078597706380236
740,CC(C)c1ccc(cc1)C(O)=O,-3.2095921853043023
741,OC(=O)c1ccccc1[N+]([O-])=O,-2.2948890122091683
742,COc1ccccc1C(O)=O,-4.656526363680214
743,OC(=O)c1cccc(Br)c1,-3.3031977063804874
744,OC(=O)c1ccc(Br)cc1,-3.3242677063802546
745,OC(=O)c1cccc(c1C(O)=O)[N+]([O-])=O,-0.6191674823634798
746,OC(=O)c1cccc(I)c1,-2.752207706380304
747,OC(=O)c1ccc(I)cc1,-2.7667777063801395
748,CN(C)c1ccc(cc1)C(O)=O,-5.363235020979332
749,OC(=O)c1c2ccccc2cc3ccccc13,-57.72594636367981
750,OCCc1ccccc1,-5.968539386500709
751,CCO,27.402986435122834
752,CO,26.965757928097883
753,CC(C)O,27.744904942147947
754,CCCO,27.94044494214799
755,CCCCO,28.569633449173104
756,CCCCCO,29.26209195619812
757,CC(C)(C)O,28.21026344917299
758,CC(C)(C)CO,29.12003195619819
759,CCC(C)(C)O,28.8526919561981
760,CC(C)CO,28.517013449172943
761,CCC(C)O,28.377933449173028
762,OCc1ccccc1O,-7.537705057851014
763,OC(c1ccccc1)c2ccccc2,-39.95000371515059
764,OCc1ccccc1,-6.563627893526331
765,OCC=C,31.897662293619092
766,OCC#C,-21.091448016540564
767,OC1CCCCC1,30.02977762754901
768,CCCCCCO,29.714000463224366
769,CCCCCCCO,30.324578970250016
770,CCCCCCCCO,30.869367477275503
771,CCCCCCCCCCO,32.08361449132602
772,CCCCCCCCCCCCO,33.311481505376605
773,CC(C)(O)C#C,-20.210271002490543
774,OCCCc1ccccc1,-5.422500879475649
775,OCCOc1ccccc1,-6.549626550826048
776,CC(C)CCO,29.10961195619815
777,CCCCCCC(C)O,30.768007477275376
778,CCC(C)CO,29.11708195619815
779,CCCCCCCCCO,31.52848598430063
780,OCCF,27.14141643512295
781,CC(O)C(C)(C)C,29.482450463224396
782,CCCCCC(C)O,30.130618970249927
783,CCC(O)CC,28.97403195619802
784,Cc1ccc(CO)cc1,-6.153709386500893
785,CCCC(O)CCC,30.193058970249865
786,CCCCC(O)CC,30.19550897024982
787,CC1CCC(O)CC1,30.792286134574624
788,CC(C)C(C)O,28.994201956198026
789,CCCC(O)CC,29.629880463224154
790,OCC[N+]([O-])=O,29.628125129294688
791,CCCCC(C)O,29.56356046322425
792,CCCC(C)O,28.921631956198
793,OCc1c(Cl)cccc1Cl,-5.275887893526345
794,C=O,30.700885279568897
795,CCCCCC=O,33.1946078146952
796,CC=O,30.808413786593864
797,ClC(Cl)(Cl)C=O,33.55153378659418
798,O=Cc1occc1,3.866553786594629
799,[O-][N+](=O)c1cccc(C=O)c1,-0.8335218478842137
800,O=Cc1ccccc1,-3.035000542055542
801,Oc1cccc(C=O)c1,-4.065467706380204
802,O=C/C=C/c1ccccc1,1.8620438234659957
803,C=CC=O,35.44536964509014
804,O=Cc1ccc2OCOc2c1,-3.0119591993548767
805,CCC=O,31.38465229361909
806,CCCC=O,31.970610800643996
807,[O-][N+](=O)c1ccccc1C=O,-0.7258018478842416
808,[O-][N+](=O)c1ccc(C=O)cc1,-0.7936618478843513
809,COC(C)=O,30.068735129294105
810,COC(=O)C(C)=C,35.15415949481614
811,CCOC(=O)c1ccccc1C(=O)OCC,-0.13303214843318756
812,CC(C)COC(=O)c1ccccc1C(=O)OCC(C)C,3.55348187966797
813,CCCCOC(=O)c1ccccc1C(=O)OCCCC,2.2363018796674794
814,CCCCOC(=O)c1ccccc1C(=O)OCc2ccccc2,-32.80967946303318
815,COC(=O)c1ccccc1,-3.7092291993549935
816,COC(=O)c1cccnc1,-6.235842035029933
817,CCOC(=O)c1ccccc1,-3.2655706923297174
818,CCOC(=O)c1ccc(N)cc1,-5.569535020979828
819,CCCOC(=O)c1ccc(N)cc1,-4.948616513954406
820,CCCOC(=O)c1ccc(O)cc1,-3.7677593496293014
821,CCCCOC(=O)c1ccc(O)cc1,-3.1902508426040583
822,COC(=O)C=C,34.73069098779084
823,O=C1CCCO1,31.31792080064467
824,CCOC(=O)C(C)=C,35.590478001841305
825,CC(C)COC(=O)C(C)=C,36.759625015891956
826,CCCCOC(=O)C(C)=C,36.75161501589196
827,COC(=O)c1cc(O)c(O)c(O)c1,-6.4660506923299295
828,COC(=O)c1ccc(O)cc1,-4.82102636367965
829,CCOC(=O)\C=C\c1ccccc1,1.5922236731917394
830,CCOC(=O)CC,31.133702143344962
831,CCOC(=O)NC,28.586219307669992
832,CCOC(=O)CC(=O)OCC,33.67099218021697
833,CC(C)COC(=O)C=C,36.323056508866955
834,CC(=O)OC=C,34.57946098779067
835,COCC(C)OC(C)=O,31.24738348604572
836,CC(=C)C(=O)OCCOCCOCCOC(=O)C(C)=C,44.54716210368423
837,CCCOC(C)=O,31.083702143345462
838,CCOC=O,30.270595129293895
839,CCCCCCCCCC(=O)OC,34.829223185496886
840,CCCOC=O,30.842113636320022
841,CCCCC(CC)COC(=O)c1ccccc1C(=O)OCC(CC)CCCC,7.033679935857833
842,COC(=O)c1ccccc1O,-4.640996363679648
843,CCOC(=O)c1ccc(O)cc1,-4.3558478566545915
844,CCCOC(=O)c1cc(O)c(O)c(O)c1,-5.550553678279584
845,COC(=O)c1ccc(OC)cc1,-3.8031078566549468
846,CCOC(=O)CCC(=O)OCC,34.136490687241846
847,CCCCOC(C)=O,31.690690650370584
848,COC(=O)c1ccccc1C(=O)OC,-1.0188691624838526
849,CCCOC(=O)c1ccccc1C(=O)OCCC,1.025634865616837
850,C=CCOC(=O)c1ccccc1C(=O)OCC=C,8.994139568558978
851,Nc1ccc(c(O)c1)C(=O)Oc2ccccc2,-40.956625020980454
852,CCCCOC(=O)c1ccccc1,-2.1091136782786464
853,CC(=O)OCc1ccccc1,-3.3413206923297167
854,CCOC(=O)C=C,35.21277949481593
855,CCCCOC(=O)C=C,36.33675650886693
856,CCOC(C)=O,30.509463636319964
857,CCOC(=O)CC(C)=O,33.99339083751613
858,CCC(=O)OC,30.676463636319873
859,CC(=C)C(=O)OC(C)(C)C,36.480475015892125
860,CC(C)OC(=O)c1ccccc1C(=O)OC(C)C,0.7336848656170218
861,COC(=O)c1ccc(N)cc1,-6.015103528005028
862,OCCOC(=O)C=C,34.394182330491134
863,CC(=C)C(=O)OCCO,34.797080837516305
864,CC(=O)OCCBr,32.031363636319696
865,CC(O)COC(=O)C=C,34.8728208375163
866,CCCCCCCCC(=O)OC,34.18984467847122
867,CC(=O)OC[C@@H](OC(C)=O)[C@@H](OC(C)=O)[C@H](OC(C)=O)[C@@H](OC(C)=O)C=O,44.90123799904177
868,CCCCCOC(=O)c1ccc(N)cc1,-3.8289194999034635
869,CCCCCCCOC(=O)c1ccc(N)cc1,-2.5596924858533328
870,CCCCCCCCOC(=O)c1ccc(N)cc1,-1.943183978827932
871,CC(C)=O,30.97264229361896
872,CCC(=O)c1ccc(O)cc1,-3.287610692329565
873,CC1=CC(=O)CC(C)(C)C1,38.49661785156712
874,CCC(C)=O,31.589520800644138
875,O=C1c2ccccc2C(=O)c3ccccc13,-33.32696050518423
876,CCC(=O)c1ccccc1,-2.1952935280048678
877,CCC(=O)CC,32.26809930766916
878,CC(=O)c1ccccc1,-2.818502035029965
879,CC(=O)c1ccc(N)cc1,-5.1093763636799
880,CC(=O)c1ccc(O)cc1,-3.9203091993550316
881,O=C1C=CC(=O)C=C1,43.66147986910791
882,CCCC(C)=O,32.18453930766913
883,CC(C)CC(C)=O,32.713397814695284
884,O=C1CCCCC1,33.27520497901993
885,CC(C)CCC(C)=O,33.3057363217208
886,CCCCCC(C)=O,33.35540632172089
887,CCCCCCC(C)=O,33.99933482874643
888,O=C(c1ccccc1)c2ccccc2,-36.60296636367971
889,Oc1ccc(O)cc1,-8.219353564876613
890,CC(=O)CC(C)=O,34.42894949481631
891,CC(=O)C(C)=O,34.21208098779075
892,CC(C)C(C)=O,32.16988930766905
893,CCCCC(C)=O,32.79776781469509
894,CCCCCCCCC(C)=O,35.08631184279699
895,CCCCCCCC(C)=O,34.483783335771236
896,C1CO1,29.484433599447826
897,CC1CO1,29.89109210647294
898,C1OC1c2ccccc2,-4.027532222175964
899,ClCC1CO1,30.65048210647288
900,OCC1CO1,29.15169494214782
901,C1OC1C2CO2,31.675280613498387
902,CC(C)(O)C(Cl)(Cl)Cl,30.55545344917379
903,OCC(F)(F)F,25.107566435123374
904,OCCCl,28.09376643512286
905,OCC(Cl)(Cl)Cl,29.784506435123205
906,OCCBr,28.848816435122956
907,C#N,-24.308002194915744
908,CC#N,-24.03063368789076
909,N#Cc1ccccc1,-57.86345801654069
910,CCC#N,-23.443465180865672
911,C=CC#N,-19.417537829394544
912,CCCC#N,-22.87721667384058
913,N#CCC#N,-75.34216246820424
914,N#CCCC#N,-74.939113961179
915,N#CCCCCC#N,-73.87605694712809
916,CC(=C)C#N,-19.029789322369446
917,N#CCCCC#N,-74.43404545415405
918,Clc1cccc(Cl)c1C#N,-56.502338016540435
919,FC1=CNC(=O)NC1=O,-0.6700031905843105
920,[O-][N+](=O)OCC(CO[N+]([O-])=O)O[N+]([O-])=O,36.10423669601113
921,Cn1cnc2N(C)C(=O)N(C)C(=O)c12,-22.115607669508933
922,CN1C(=O)N(C)c2nc[nH]c2C1=O,-22.822446176533887
923,O=C1Nc2ccccc2C=C1,-29.88743054205476
924,CN1CC(=O)N=C1N,30.049692330490956
925,CNN,24.53564643512283
926,CC1=CNC(=O)NC1=O,0.02308531644081313
927,O=C1NC=CC(=O)N1,-0.42054319058431133
928,C[C@H]1C[C@H](C)C(=O)[C@@H](C1)[C@H](O)CC2CC(=O)NC(=O)C2,39.81922758788946
929,[O-][N+](=O)C(Cl)(Cl)Cl,32.863423786594126
930,CCC1(CCC(=O)NC1=O)c2ccccc2,0.26156352291718576
931,[O-][N+](=O)O[C@H]1CO[C@@H]2[C@@H](CO[C@H]12)O[N+]([O-])=O,35.17701068724051
932,c1cnc2ncncc2n1,-42.42301490757689
933,CNCC(C)c1ccccc1,-5.568809536774893
934,O=NN1CCCCC1,30.63380781469546
935,c1ccc(cc1)N=Nc2ccccc2,-39.2982963636795
936,CN1CCOCC1,28.40980479187401
937,C1CNCCN1,26.444849120523216
938,C1CCNCC1,28.7171219561982
939,C1COCCN1,27.730496284847987
940,O=C1NNC(=O)C=C1,1.2761968094157794
941,NC(N)=NC#N,-26.571599322369373
942,O=C1CNC(=O)N1,29.39434098779057
943,CN1C=CC(=O)NC1=O,0.354855316440819
944,O=C1CCCN1,29.967143636319143
945,CN1C=CC=CC1=O,-2.322157706380139
946,CN1CCCC1=O,30.752522143345345
947,O=NN1CCCC1,30.00103930766994
948,CCCCCCCCCCCCN1CCCC1=O,37.11922572062406
949,CCCCCCCCCCCCN1CC(CC1=O)C(O)=O,38.79958725046933
950,CN1CC(CC1=O)C(O)=O,32.299883673191545
951,CNC(=O)N1C=C(F)C(=O)NC1=O,0.5556396819621625
952,COC(=O)C1CN(C)C(=O)C1,33.3281821802164
953,CCCCNC(=O)N1C=C(F)C(=O)NC1=O,2.2244352030374728
954,CCCCCCN1CC(CC1=O)C(=O)OC,36.21247471534315
955,CN1CCC[C@H]1c2cccnc2,-6.840266701100205
956,NNC(=O)c1ccncc1,-9.401472035030125
957,OC(=O)c1cccnc1,-7.267150542055589
958,NC(=O)c1cccnc1,-8.286597706380576
959,OCc1cccnc1,-9.099660729201346
960,CCc1ccccn1,-7.767155057851724
961,Cc1cccc(C)n1,-7.996295057851441
962,Cc1cc(C)nc(C)c1,-7.634936550825529
963,Cc1ccncc1,-8.38706356487701
964,Cc1cccnc1,-8.35283356487713
965,Oc1cccnc1,-9.68891923622644
966,Brc1ccccn1,-7.3952520719020285
967,Cc1ccccn1,-8.36064356487708
968,Clc1ccccn1,-8.023692071901877
969,c1ccncc1,-8.734742071902104
970,c1ccc(nc1)c2ccccn2,-44.685320729201095
971,c1cc(ccn1)c2ccncc2,-44.78716072920088
972,NC(=O)c1cnccn1,-10.678160542055409
973,Cc1cnccn1,-10.76095640055199
974,c1cncnc1,-11.302524907577208
975,Cc1cc(N)nc(C)n1,-12.95941222217607
976,CCC1(C(=O)NC(=O)NC1=O)c2ccccc2,-0.5058491256129116
977,CCC1(CC)C(=O)NC(=O)N(C)C1=O,34.76238221708854
978,CCCCC1C(=O)N(N(C1=O)c2ccccc2)c3ccccc3,-33.68987662735938
979,COC(=O)[C@H]1[C@H](CC2CCC1N2C)OC(=O)c3ccccc3,2.4373303866914284
980,CN(C)CCCN1c2ccccc2CCc3ccccc13,-38.18108700164933
981,CN(C)CCCN1c2ccccc2Sc3ccc(Cl)cc13,-38.050821180024855
982,CN1C2CCC1CC(C2)OC(=O)C(CO)c3ccccc3,0.24929019954635123
983,CCC1(C(=O)NC(=O)NC1=O)C2=CCCCC2,40.61451225395899
984,C=CCC1(CC=C)C(=O)NC(=O)NC1=O,42.94433542705514
985,CC(C)(S)[C@@H](N)C(O)=O,30.063530650370566
986,OC1(CCN(CCCC(=O)c2ccc(F)cc2)CC1)c3ccc(Cl)cc3,-33.91463263613164
987,N[S](=O)(=O)c1cc(C(O)=O)c(NCc2occc2)cc1Cl,-21.023884796964012
988,CN1C(=O)NC(=O)C(C)(C1=O)C2=CCCCC2,40.777482253959334
989,CC\C(c1ccc(O)cc1)=C(\CC)c2ccc(O)cc2,-34.867490992878515
990,OCC(NC(=O)C(Cl)Cl)C(O)c1ccc(cc1)[N+]([O-])=O,-1.3085264770848255
991,O=C1C[C@@H]2OCC=C3CN4CC[C@@]56[C@@H]4C[C@@H]3[C@@H]2[C@@H]5N1c7ccccc67,7.299123072091703
992,O=C1NC(=O)C(N1)(c2ccccc2)c3ccccc3,-37.22859065545944
993,CCC1(CCC(C)C)C(=O)NC(=O)NC1=O,35.60960923113868
994,CCC1(CC)C(=O)NC(=O)NC1=O,33.945943710063375
995,CCCC(C)(COC(N)=O)COC(N)=O,30.360160536967726
996,Cc1cc(C)nc(N[S](=O)(=O)c2ccc(N)cc2)n1,-35.30634781978432
997,CN(C)C1=C(C)N(C)N(c2ccccc2)C1=O,-29.579835171253308
998,OCCN1CCN(CCCN2c3ccccc3Sc4ccc(Cl)cc24)CC1,-37.30063148057536
999,CN(C)CCCN1c2ccccc2Sc3ccccc13,-38.695151180024936
1000,N[S](=O)(=O)c1cc2c(NCN[S]2(=O)=O)cc1Cl,15.968472554507855
1001,N[S](=O)(=O)c1cc2c(NC=N[S]2(=O)=O)cc1Cl,19.41962990597864
1002,CCN(CC)C(=O)c1cccnc1,-5.626293678278898
1003,CCN(CC)CCOC(=O)c1ccc(N)cc1,-4.53713532152824
1004,CC(=O)Nc1sc(nn1)[S](N)(=O)=O,9.597222517637036
1005,CN1N(C(=O)C=C1C)c2ccccc2,-29.173477856654145
1006,CC(CN1c2ccccc2Sc3ccccc13)N(C)C,-38.76596118002465
1007,[O-][N+](=O)c1sc(nc1)N2CCNC2=O,2.0404851661658228
1008,CCOc1ccc(NC(C)=O)cc1,-4.782936513954354
1009,Nc1ccc(cc1)[S](N)(=O)=O,2.6557766591408836
1010,COC(=O)C1=CCCN(C)C1,35.70879785156664
1011,OCCN1CCN(CCCN2c3ccccc3Sc4ccc(cc24)C(F)(F)F)CC1,-39.947712973560954
1012,Nc1ncnc2n(ccc12)C3OC(CO)C(O)C3O,-34.87089535840076
1013,Nc1ccc(cc1)[S](=O)(=O)Nc2sccn2,-25.161617669508956
1014,CCCC(C)C1(CC)C(=O)NC(=O)NC1=O,35.76170923113847
1015,CCC1(C(C)C)C(=O)NC(=O)NC1=O,34.560062217088245
1016,CC(C)C1(CC=C)C(=O)NC(=O)NC1=O,38.96383807558425
1017,CCCC(C)C1(CC=C)C(=O)NC(=S)NC1=O,42.924875089635066
1018,CCC(Br)(CC)C(=O)NC(N)=O,32.48529785156707
1019,COc1ccc(N[S](=O)(=O)c2ccc(N)cc2)nn1,-35.30255349113446
1020,O=C1N[S](=O)(=O)c2ccccc12,8.197916846286915
1021,Cn1cnc2N(C)C(=O)NC(=O)c12,-22.92612617653404
1022,O=C1NC(=O)c2ccccc12,-2.275979012209163
1023,O=C1Oc2ccccc2C=C1,-28.16612337773013
1024,CCCNC(=O)N[S](=O)(=O)c1ccc(Cl)cc1,7.9484208743872955
1025,COc1cc(CC=C)ccc1O,-1.6337721853042524
1026,CCN(CC)C(=S)SSC(=S)N(CC)CC,40.77300904399303
1027,CC(=O)OCC(COC(C)=O)OC(C)=O,35.888922217087384
1028,C=CCC1(C(=O)NC(=O)NC1=O)c2ccccc2,4.02913673288316
1029,CCCCCC1(CC)C(=O)NC(=O)NC1=O,35.673979231138276
1030,CN1CCN(CCCN2c3ccccc3Sc4ccc(cc24)C(F)(F)F)CC1,-39.64282431626009
1031,COc1cc(N[S](=O)(=O)c2ccc(N)cc2)nc(OC)n1,-36.28078214843376
1032,CCC1(C(=O)NCNC1=O)c2ccccc2,-2.0169793127583375
1033,COC1CC(=O)C[C@@H](C)[C@]12Oc3c(Cl)c(OC)cc(OC)c3C2=O,4.266820386688323
1034,CCCCC1C(=O)N(N(C1=O)c2ccc(O)cc2)c3ccccc3,-34.71829379168426
1035,N[S](=O)(=O)c1cc2c(NC(N[S]2(=O)=O)C(Cl)Cl)cc1Cl,18.04034106153273
1036,CCN(CC)CC(=O)Nc1c(C)cccc1C,-3.4190496501784935
1037,OC[C@H]1O[C@@H](Oc2ccccc2CO)[C@H](O)[C@@H](O)[C@@H]1O,-7.432072673000533
1038,CC(=O)N[S](=O)(=O)c1ccc(N)cc1,5.577433860337138
1039,Cc1sc(N[S](=O)(=O)c2ccc(N)cc2)nn1,-26.855241998159087
1040,OCC(O)C(O)CO,26.014641956199156
1041,CN[C@@H](C)[C@H](O)c1ccccc1,-6.546416701100199
1042,O=C1N=CN=C2NNC=C12,-23.653736213405523
1043,CCCCNC(=O)N[S](=O)(=O)c1ccc(N)cc1,5.533975052762287
1044,COc1cc2N3C4[C@@H]5C(CC3=O)OCC=C6CN7CC[C@]4([C@@H]7C[C@H]56)c2cc1OC,7.505675757479651
1045,CN1C(=O)CN=C(c2ccccc2)c3cc(Cl)ccc13,-34.21106498410856
1046,Cc1ncc(n1CCO)[N+]([O-])=O,-0.5146778566549131
1047,CCOc1ccc2nc(sc2c1)[S](N)(=O)=O,-15.544261998158888
1048,Nc1ccc(cc1)[S](=O)(=O)Nc2ccnn2c3ccccc3,-60.69486065545982
1049,Oc1cc(O)c2C(=O)C[C@H](Oc2c1)c3ccc(O)c(O)c3,-40.38856800693151
1050,Cc1cnc(N[S](=O)(=O)c2ccc(N)cc2)nc1,-35.5654163268086
1051,COc1cnc(N[S](=O)(=O)c2ccc(N)cc2)nc1,-35.75004349113448
1052,Cc1ccc(cc1)[S](=O)(=O)NC(=O)NC2CCCCC2,9.730632066813087
1053,Cc1onc(N[S](=O)(=O)c2ccc(N)cc2)c1,-25.23487916248486
1054,COc1cc(Cc2cnc(N)nc2N)cc(OC)c1OC,-48.619586851375914
1055,OC1N=C(c2ccccc2Cl)c3cc(Cl)ccc3NC1=O,-35.374560655458566
1056,Cc1ccc(cc1)[S](=O)(=O)NC(=O)NN2CCCCCC2,8.938407738163079
1057,Clc1cccc(n1)C(Cl)(Cl)Cl,-5.057713564876352
1058,CCCC1(CCC)C(=O)NC(=O)NC1=O,35.04523072411331
1059,COc1cc(N[S](=O)(=O)c2ccc(N)cc2)nc(C)n1,-35.911294984108935
1060,CN(C)C(=O)Nc1cccc(OC(=O)NC(C)(C)C)c1,-4.531480956007925
1061,CC(C(O)=O)c1ccc(c(F)c1)c2ccccc2,-37.73304651395544
1062,CCO[P](=S)(OCC)N1C(=O)c2ccccc2C1=O,5.636602217086875
1063,CC1=C(SCCO1)C(=O)Nc2ccccc2,1.376857851567081
1064,CC1=C(C(=O)Nc2ccccc2)[S](=O)(=O)CCO1,13.693489568558391
1065,CN(C)C=Nc1ccc(Cl)cc1C,-3.4983765139542697
1066,O/N=C/c1oc(cc1)[N+]([O-])=O,5.397658152115341
1067,CNC(=O)Oc1ccccc1C2OCCO2,-4.886915171254685
1068,CC(C)Cc1ccc(cc1)C(C)C(O)=O,-1.5849166642285581
1069,CC(C(O)=O)c1cccc(c1)C(=O)c2ccccc2,-34.0421278197843
1070,COc1ccc2cc(ccc2c1)C(C)C(O)=O,-30.314313678279007
1071,[O-][N+](=O)c1nccn1CC(=O)NCc2ccccc2,-32.419170655459425
1072,OC(=O)CCC(=O)c1ccc(cc1)c2ccccc2,-34.22340781978363
1073,NC1=CC(=NC(=N)N1O)N2CCCCC2,-6.182602335578906
1074,CN=C(NCCSCc1nc[nH]c1C)NC#N,-52.95623544454256
1075,COCCOc1c(OC)cc(Cc2cnc(N)nc2N)cc1OC,-47.96264700165054
1076,CCC(=O)N(c1ccccc1)C2(CCN(CCc3sccc3)CC2)COC,-25.437337115053936
1077,OC(Cn1cncn1)(c2ccc(F)cc2)c3ccccc3F,-73.22076953677684
1078,CNc1cccc2C(=O)c3ccccc3C(=O)c12,-34.82070632680821
1079,Nc1ccc(N)c2C(=O)c3ccccc3C(=O)c12,-37.792799162484144
1080,COc1cc(N)c2C(=O)c3ccccc3C(=O)c2c1N,-37.811697819783745
1081,CCN(CCO)c1ccc(cc1)N=Nc2ccc(cc2)[N+]([O-])=O,-37.30408513438377
1082,Cc1cc(ccc1N=Nc2ccc(cc2Cl)[N+]([O-])=O)N(CCO)CCO,-36.94707379169236
1083,[O-][N+](=O)c1cc(ccc1Nc2ccccc2)[S](=O)(=O)Nc3ccccc3,-61.79585628993914
1084,OCCN(CCC#N)c1ccc(cc1)N=Nc2ccc(cc2Cl)[N+]([O-])=O,-88.25301391470038
1085,O=C1C(c2ccc3ccccc3n2)C(=O)c4ccccc14,-61.566169162484485
1086,COc1cc(N=Nc2c(Br)cc(cc2[N+]([O-])=O)[N+]([O-])=O)c(NC(C)=O)cc1N(CCC#N)CC=C,-78.67357798246456
1087,CCN1C(=O)C(=N/Nc2ccc(Cl)cc2[N+]([O-])=O)/C(=C(C#N)C1=O)C,-43.643242010562716
1088,C[C@@H]1C[C@H]2[C@@H]3CCC4=CC(=O)C=C[C@]4(C)[C@@]3(F)[C@@H](O)C[C@]2(C)[C@@]1(O)C(=O)CO,51.11507598149706
1089,CC(=O)OCC(=O)[C@@]1(O)CC[C@H]2[C@@H]3CCC4=CC(=O)CC[C@]4(C)[C@H]3[C@@H](O)C[C@]12C,50.48859732419572
1090,CC(=O)OCC(=O)[C@@]1(O)CC[C@H]2[C@@H]3CCC4=CC(=O)CC[C@]4(C)[C@H]3C(=O)C[C@]12C,53.84338467566727
1091,C[C@]12C[C@H](O)[C@H]3[C@@H](CCC4=CC(=O)CC[C@]34C)[C@@H]1CC[C@@H]2C(=O)CO,48.173687287339135
1092,C[C@]12CCC(=O)C=C1CC[C@H]3[C@@H]4CC[C@](O)(C(=O)CO)[C@@]4(C)C[C@H](O)[C@H]23,47.17241012300991
1093,C[C@]12C[C@H](O)[C@H]3[C@@H](CCC4=CC(=O)C=C[C@]34C)[C@@H]1CC[C@]2(O)C(=O)CO,50.997317474481406
1094,CC(=O)S[C@@H]1CC2=CC(=O)CC[C@]2(C)[C@H]3CC[C@@]4(C)[C@@H](CC[C@@]45CCC(=O)O5)[C@H]13,54.23411015987125
1095,CC(=O)OCC(=O)[C@@]1(O)CC[C@H]2[C@@H]3CCC4=CC(=O)C=C[C@]4(C)[C@H]3[C@@H](O)C[C@]12C,54.35637467566744
1096,C[C@]12CCC(=O)C=C1CC[C@H]3[C@@H]4CC[C@](O)(C(=O)CO)[C@@]4(C)CC(=O)[C@H]23,50.57443747448133
1097,C[C@]12CC[C@H]3[C@@H](CCc4cc(O)ccc34)[C@@H]1CCC2=O,3.474287363871923
1098,CC(=O)OCC(=O)[C@H]1CC[C@H]2[C@@H]3CCC4=CC(=O)CC[C@]4(C)[C@H]3CC[C@]12C,52.191731652856674
1099,CC(=O)[C@H]1CC[C@H]2[C@@H]3CCC4=CC(=O)CC[C@]4(C)[C@H]3CC[C@]12C,50.11408161598857
1100,C[C@]1(O)CC[C@H]2[C@@H]3CCC4=CC(=O)CC[C@]4(C)[C@H]3CC[C@]12C,46.19850575749368
1101,C[C@]12CC[C@H]3[C@@H](CCC4=CC(=O)CC[C@]34C)[C@@H]1CC[C@@H]2O,45.485497250468114
1102,C[C@]12CC[C@H]3[C@@H](CCC4=CC(=O)CC[C@]34C)[C@@H]1CCC2=O,48.51283460193898
1103,C[C@]12CC[C@H]3[C@@H](CCC4=CC(=O)CC[C@]34C)[C@@H]1CC[C@@H]2C(=O)CO,49.01215445166494
1104,CC(=O)OCC(=O)[C@@]1(O)[C@@H](C[C@H]2[C@@H]3CCC4=CC(=O)C=C[C@]4(C)[C@@]3(F)[C@@H](O)C[C@]12C)OC(C)=O,56.09205471253921
1105,CC(=O)[C@@]1(O)CC[C@H]2[C@@H]3CCC4=CC(=O)CC[C@]4(C)[C@H]3CC[C@]12C,48.6976644516638
1106,CC1(C)O[C@@H]2C[C@H]3[C@@H]4CCC5=CC(=O)C=C[C@]5(C)[C@@]4(F)[C@@H](O)C[C@]3(C)[C@@]2(O1)C(=O)CO,51.98496299554637
1107,C[C@]12C[C@H](O)[C@@]3(F)[C@@H](CCC4=CC(=O)C=C[C@]34C)[C@@H]1C[C@@H](O)[C@]2(O)C(=O)CO,49.641760310148015
1108,C[C@]12C[C@H](O)[C@@]3(F)[C@@H](CCC4=CC(=O)CC[C@]34C)[C@@H]1CC[C@]2(O)C(=O)CO,47.14302012300021
1109,C[C@H]1C[C@H]2[C@@H]3CCC4=CC(=O)C=C[C@]4(C)[C@@]3(F)[C@@H](O)C[C@]2(C)[C@@]1(O)C(=O)CO,51.36437598149746
1110,C[C@H]1C[C@H]2[C@@H]3CC[C@](O)(C(C)=O)[C@@]3(C)C[C@H](O)[C@]2(F)[C@@]4(C)C=CC(=O)C=C14,51.76112314582156
1111,C[C@@H]1C[C@H]2[C@@H]3CCC4=CC(=O)C=C[C@]4(C)[C@@]3(F)[C@@H](O)C[C@]2(C)[C@@]1(O)C(=O)COC(C)=O,54.323843182693565
1112,CCCCC(=O)O[C@@]1([C@@H](C)C[C@H]2[C@@H]3CCC4=CC(=O)C=C[C@]4(C)[C@@]3(F)[C@@H](O)C[C@]12C)C(=O)CO,56.09597870376666
1113,OC1CNC(C1)C(O)=O,28.836997814695195
1114,NC1(CCCC1)C(O)=O,30.242413486045535
1115,NCCCC(O)=O,28.4108293076701
1116,NC(CC(O)=O)C(O)=O,29.481572330491048
1117,NCCCCCC(O)=O,29.557526321720587
1118,CSCCC(N)C(O)=O,30.282250650370443
1119,NC(Cc1ccccc1)C(O)=O,-5.440255020979265
1120,CC(C)C(N)C(O)=O,29.000637814695395
1121,CCC(N)C(O)=O,28.417129307670123
1122,CCCC(N)C(O)=O,29.024667814695448
1123,Cc1c[nH]c2ccccc12,-27.308747893526146
1124,c1ccc2c(c1)ccc3ncccc23,-62.074310729201
1125,c1ccc2ncccc2c1,-35.34944640055153
1126,Nc1nc(N)nc(n1)c2ccccc2,-52.01496222217588
1127,N1c2ccccc2Sc3ccccc13,-40.57302938650086
1128,[nH]1nc2ccccc2n1,-31.67277207190154
1129,s1ccc2ccccc12,-24.839019236226264
1130,s1cnc2ccccc12,-27.314042071901632
1131,OCc1occc1,0.25693643512369135
1132,[nH]1cccc1,-1.0298020719021324
1133,o1cccc1,0.605925092422801
1134,s1cccc1,2.0714650924228266
1135,c1ccc2cnccc2c1,-35.39729640055144
1136,c1ccc2nc(ccc2c1)c3ccc4ccccc4n3,-97.87808938650079
1137,[nH]1ccc2ccccc12,-27.72927640055113
1138,Oc1cccc2cccnc12,-36.47368356487658
1139,S=C1Nc2ccccc2S1,-19.51889621340581
1140,c1ccc2cnncc2c1,-37.432069236226454
1141,[nH]1ncc2ccccc12,-29.78010923622655
1142,o1cnc2ccccc12,-28.71242207190148
1143,c1ccnnc1,-10.740994907577154
1144,C1Cc2ccccc2C1,-4.1172565508258
1145,Cc1occc1,0.9372635994477747
1146,[O-]c1cccc2[nH+]cccc12,-36.0287935648759
1147,Oc1ccc2ncccc2c1,-36.39930356487611
1148,COCc1oc(cc1)[N+]([O-])=O,3.753043636319802
1149,Cc1[nH]c2ccccc2n1,-29.907530729201
1150,CSc1sc2ccccc2n1,-25.850350729201438
1151,Cc1cscc1,2.452153599447925
1152,NCc1occc1,-0.8236607292015066
1153,CN(C)c1nc(nc(n1)N(C)C)N(C)C,-15.966959687049325
1154,CCc1sccc1,3.0005721064730153
1155,CC1=CC(=O)NO1,5.075046622269426
1156,COC(=O)C(C)N(C(=O)c1occc1)c2c(C)cccc2C,-27.124552298709034
1157,NC(N)=S,28.118396622269003
1158,NC(=S)Nc1cccc2ccccc12,-31.905583528004385
1159,S=C1NCCN1,29.96362080064413
1160,NC(=S)Nc1ccccc1,-5.320099199354743
1161,OCC(O)CO,26.3322306134989
1162,OC[C@H]1O[C@H](O[C@]2(CO)O[C@H](CO)[C@@H](O)[C@@H]2O)[C@H](O)[C@@H](O)[C@@H]1O,26.28733419076363
1163,CC(O)CO,27.11116777782297
1164,Cc1ccccc1OCC(O)CO,-6.452546701099806
1165,CCC(CO)(CO)CO,28.255796134574894
1166,CC(O)COC(C)CO,28.191266134574335
1167,OCCO,26.578509270797994
1168,CC(O)CNCC(C)O,26.95835897024989
1169,OCCNCCO,26.151871956199443
1170,OCC(CO)(CO)CO,26.68849046322488
1171,OC1COC(O)C(O)C1O,25.92329046322459
1172,C[C@@H](O)[C@H](C)O,27.38433628484907
1173,OCC(CO)(CBr)CBr,31.35958479187417
1174,CC(N)=S,30.643559457943958
1175,CCO[S](=O)(=O)OCC,41.196110837516585
1176,C[S](C)=O,36.10471229361896
1177,OC(=O)CS,30.234849457944136
1178,S=C=S,36.989895466715005
1179,CO[S](=O)(=O)OC,40.35013382346559
1180,Nc1ccc(cc1)[S](=O)(=O)c2ccc(N)cc2,-30.75928916248391
1181,Sc1ccccc1,-5.304906400551978
1182,CCCCS,30.477073449173062
1183,CCSCC,30.563103449173
1184,C[S](F)(=O)=O,40.28917964509033
1185,CCO[P](=O)(OCC)OCC,33.03019766442135
1186,O=[P](Oc1ccccc1)(Oc2ccccc2)Oc3ccccc3,-71.09645084260578
1187,CCCCO[P](=O)(OCCCC)OCCCC,36.44797870657166
1188,CO[P](=O)(OC)OC,31.66108214334494
1189,CN(C)[P](=O)(N(C)C)N(C)C,32.333996171446344
1190,CO[P](C)(=O)OC,32.8186993076701
1191,CC(C)O[P](C)(=O)OC(C)C,34.65537333577072
1192,Oc1cccc2c(O)cccc12,-34.86062789352614
1193,[O-][N+](=O)c1cccc2ccccc12,-30.56992487070505
1194,Cc1cccc2ccccc12,-32.42262505785075
1195,Clc1cccc2ccccc12,-32.2296435648763
1196,Oc1cccc2ccccc12,-33.85596072920113
1197,N(c1ccccc1)c2cccc3ccccc23,-68.22031371515047
1198,c1ccc2ccccc2c1,-32.84482356487655
1199,Cc1ccc2ccccc2c1,-32.45911505785071
1200,Clc1ccc2ccccc2c1,-32.225223564876345
1201,Oc1cc2ccccc2cc1O,-34.69915789352612
1202,Oc1cc(O)c2ccccc2c1,-34.94459789352605
1203,Nc1cccc2ccccc12,-34.98664789352583
1204,Oc1ccc2ccccc2c1,-33.75542072920099
1205,Nc1cccc2cccc(N)c12,-37.09952222217589
1206,S=C=Nc1cccc2ccccc12,-26.221871847884145
1207,Cc1ccc(C)c2ccccc12,-31.984576550825878
1208,Cc1cccc2c(C)cccc12,-31.989386550825785
1209,Cc1cc(C)c2ccccc2c1,-32.04002655082573
1210,Cc1cc2ccccc2cc1C,-32.031636550825766
1211,Cc1ccc2cc(C)ccc2c1,-32.06998655082579
1212,Oc1ccc2cc(O)ccc2c1,-34.66259789352611
1213,[O-][N+](=O)c1ccc2ccccc2c1,-30.683754870705272
1214,Cc1ccc2cc(C)c(C)cc2c1,-31.64423804380033
1215,CCc1ccc2ccccc2c1,-31.85635655082561
1216,CCc1cccc2ccccc12,-31.759826550825807
1217,Clc1cccc2c(Cl)cccc12,-31.58461356487662
1218,Clc1ccc(Cl)c2ccccc12,-31.57125356487647
1219,Clc1cccc2cccc(Cl)c12,-31.4402935648763
1220,Clc1cc2ccccc2cc1Cl,-31.491413564876623
1221,Cc1ccc(C)c2c(C)cccc12,-31.347168043800252
1222,Clc1ccc2ccc(Cl)cc2c1,-31.5893435648763
1223,Clc1c(Cl)c(Cl)c2c(Cl)c(Cl)c(Cl)c(Cl)c2c1Cl,-26.4744335648774
1224,Nc1cccc2c(N)cccc12,-37.09034222217588
1225,OCc1cccc2ccccc12,-33.16804222217614
1226,Clc1c(Cl)c(Cl)c2ccccc2c1Cl,-29.965833564876377
1227,Clc1cccc2c(Cl)c(Cl)c(Cl)cc12,-30.060603564876544
1228,Clc1cc(Cl)c2cc(Cl)cc(Cl)c2c1,-30.185383564876645
1229,Clc1ccc2cc(Cl)cc(Cl)c2c1,-30.899303564876334
1230,Clc1ccc(Cl)c2cc(Cl)c(Cl)cc12,-30.136803564876516
1231,C[C@H](CCC(O)=O)[C@H]1CC[C@H]2[C@@H]3[C@H](O)C[C@@H]4C[C@H](O)CC[C@]4(C)[C@H]3C[C@H](O)[C@]12C,41.7281109411295
1232,C[C@H](CCC(O)=O)[C@H]1CC[C@H]2[C@@H]3CC[C@@H]4C[C@H](O)CC[C@]4(C)[C@H]3C[C@H](O)[C@]12C,42.5951181054611
1233,C[C@H](CCC(O)=O)[C@H]1CC[C@H]2[C@@H]3[C@@H](O)C[C@@H]4C[C@H](O)CC[C@]4(C)[C@H]3CC[C@]12C,42.545638105461364
1234,C[C@H](CCC(O)=O)[C@H]1CC[C@H]2[C@@H]3[C@H](O)C[C@@H]4C[C@H](O)CC[C@]4(C)[C@H]3CC[C@]12C,42.62325810546139
1235,C[C@H](CCC(O)=O)[C@H]1CC[C@H]2[C@@H]3[C@H](O)[C@H](O)[C@@H]4C[C@H](O)CC[C@]4(C)[C@H]3CC[C@]12C,41.673340941129766
1236,o1c2ccccc2c3ccccc13,-52.94858356487606
1237,O1c2ccccc2Oc3ccccc13,-40.3988422221762
1238,Clc1cc2Oc3cc(Cl)c(Cl)cc3Oc2cc1Cl,-37.5375622221775
1239,Clc1c(Cl)c(Cl)c2Oc3c(Cl)c(Cl)c(Cl)c(Cl)c3Oc2c1Cl,-34.10470222217806
1240,Clc1c(Cl)c(Cl)c2Oc3ccccc3Oc2c1Cl,-37.29217222217699
1241,Clc1cc(Cl)c2Oc3cc(Cl)cc(Cl)c3Oc2c1,-37.512122222177155
1242,Clc1ccc2Oc3cc(Cl)ccc3Oc2c1,-39.07467222217679
1243,Clc1cc2Oc3c(Cl)c(Cl)c(Cl)c(Cl)c3Oc2cc1Cl,-35.830652222178074
1244,Clc1cccc2Oc3ccccc3Oc12,-39.66633222217594
1245,Clc1ccc2Oc3ccccc3Oc2c1,-39.7416622221765
1246,Clc1cc(Cl)c2Oc3ccccc3Oc2c1Cl,-38.13089222217671
1247,Clc1ccc2Oc3c(Cl)c(Cl)c(Cl)c(Cl)c3Oc2c1,-36.607902222177245
1248,Clc1cc2oc3cc(Cl)c(Cl)cc3c2cc1Cl,-50.14355356487697
1249,Clc1ccc2Oc3c(Cl)c(Cl)c(Cl)cc3Oc2c1,-37.46694222217752
1250,Cc1ccccc1[N+]([O-])=O,-3.619332035030098
1251,COc1ccccc1[N+]([O-])=O,-3.931509199355162
1252,[O-][N+](=O)c1ccccc1,-4.024920542055526
1253,Cc1cccc(c1)[N+]([O-])=O,-3.652162035029974
1254,[O-][N+](=O)c1cc(cc(c1)[N+]([O-])=O)[N+]([O-])=O,0.771526846286406
1255,[O-][N+](=O)c1cccc(c1)[N+]([O-])=O,-1.6983718478843883
1256,Cc1ccc(cc1)[N+]([O-])=O,-3.6829320350302766
1257,COc1ccc(cc1)[N+]([O-])=O,-4.141549199355353
1258,[O-][N+](=O)c1ccc(cc1)[N+]([O-])=O,-1.6983518478844246
1259,Cc1c(cc(cc1[N+]([O-])=O)[N+]([O-])=O)[N+]([O-])=O,1.2093053533112652
1260,Cc1ccc(cc1[N+]([O-])=O)[N+]([O-])=O,-1.2802733408593525
1261,[O-][N+](=O)c1ccccc1[N+]([O-])=O,-1.29027184788427
1262,COc1cccc(c1)[N+]([O-])=O,-4.042639199355179
1263,Cc1c(cccc1[N+]([O-])=O)[N+]([O-])=O,-1.2113433408589884
1264,Cc1ccc(c(c1)[N+]([O-])=O)[N+]([O-])=O,-1.0369933408592402
1265,CCOC(N)=O,27.759770800644837
1266,CC(N)=O,27.998229457944
1267,CN(C)C=O,29.377357964969164
1268,NC=O,27.746090950919047
1269,NC(=O)C=C,32.64384531644038
1270,NC(=O)CCl,28.89593945794396
1271,CNC(C)=O,28.803417964969164
1272,CC(=O)Nc1ccc(O)cc1,-6.171053528005103
1273,O=C1CCCCCN1,31.080850650370508
1274,CN(C)C(C)=O,29.64653647199431
1275,CCCC(N)=O,29.174566471994254
1276,NC(=O)CF,27.863619457944843
1277,NC(N)=O,25.28169662226894
1278,NC(=O)NO,25.75566945794432
1279,ClCCNC(=O)N(CCCl)N=O,31.474336508866543
1280,NC(=O)NCc1ccccc1,-7.300620692329886
1281,CNC(N)=O,26.09029512929414
1282,CN(C)C(=O)N(C)C,28.613620650370535
1283,CN(N=O)C(N)=O,28.283680987790973
1284,CCN(N=O)C(N)=O,28.542609494816062
1285,C[N+]([O-])=O,29.793853786594013
1286,CC[N+]([O-])=O,30.343952293618848
1287,CCC[N+]([O-])=O,30.914800800644947
1288,[O-][N+](=O)N1CN(CN(C1)[N+]([O-])=O)[N+]([O-])=O,31.557172367362057
1289,OC(CO[N+]([O-])=O)CO[N+]([O-])=O,32.76709800184081
1290,CCCC[N+]([O-])=O,31.499059307669953
1291,CCCCC[N+]([O-])=O,32.104077814695486
1292,[O-][N+](=O)OCCO[N+]([O-])=O,33.05605665914027
1293,Cc1ccc(cc1)[S](N)(=O)=O,5.330189494816224
1294,Cc1ccccc1[S](N)(=O)=O,5.421259494816169
1295,N[S](=O)(=O)c1ccccc1,4.991700987790537
1296,Cc1cccc(c1)[S](N)(=O)=O,5.368349494816513
1297,N[S](=O)(=O)c1ccc(CCCO)cc1,5.714129344541448
1298,N[S](=O)(=O)c1ccc(CCCCO)cc1,6.273757851566813
1299,N[S](=O)(=O)c1ccc(CCCCCO)cc1,6.843596358592038
1300,O=C(COC(=O)c1ccccc1)N2CCCC2,0.15606635859143125
1301,CC(=O)Oc1ccccc1C(=O)Oc2ccccc2,-35.32162349113429
1302,CC(=O)Nc1ccc(OC(=O)c2ccccc2OC(C)=O)cc1,-34.39345061858822
1303,NC(=O)COC(=O)c1ccccc1,-3.2551648338337316
1304,CCNC(=O)COC(=O)c1ccccc1,-1.8037478197836094
1305,CC(=O)NC(=O)COC(=O)c1ccccc1,0.06616236736229553
1306,CSCOC(=O)c1ccccc1OC(C)=O,0.3973721802165642
1307,CC(=O)Oc1ccccc1C(=O)OC[S](C)=O,7.136668038712173
1308,CC(=O)Oc1ccccc1C(=O)OC[S](C)(=O)=O,12.703533897208217
1309,CNC(=O)COC(=O)c1ccccc1,-2.3053263268088244
1310,CCCNC(=O)COC(=O)c1ccccc1,-1.3878593127582803
1311,CN(C)C(=O)COC(=O)c1ccccc1,-1.5522078197834333
1312,O=C(COC(=O)c1ccccc1)N2CCCCC2,0.6198448656165567
1313,O=C(COC(=O)c1ccccc1)N2CCOCC2,-0.37172080573338917
1314,O=C(COC(=O)c1ccccc1)N2CCC2,0.2011878515665444
1315,OC1CCN(CC1)C(=O)COC(=O)c2ccccc2,-0.16994229870795152
1316,OC(=O)[C@@H]1CCCN1C(=O)COC(=O)c2ccccc2,1.646447888437109
1317,CN(C)C(=O)CCCOC(=O)c1ccccc1,-0.5795608057334221
1318,CCCCNC(=O)COC(=O)c1ccccc1,-0.7983708057327874
1319,CCCCCCNC(=O)COC(=O)c1ccccc1,0.5332262083173873
1320,CCOC(=O)OCC,30.565204979020365
1321,CC1=C(O)C(=O)C=CO1,-1.3597177063805788
1322,CCC(O)(COC(N)=O)c1ccccc1,-5.352455171254434
1323,OC(=O)c1c(Cl)ccc(Cl)c1Cl,-2.5711877063803144
1324,Oc1ccc(Cl)cc1C(=O)Nc2ccc(cc2Cl)[N+]([O-])=O,-36.68719916248473
1325,OCC(O)C1OC(=C(O)C1=O)O,33.49462650886649
1326,OC(=O)c1ccc(Cl)cc1Cl,-3.331617706380129
1327,CN1[C@@H]2CC(C[C@H]1C3OC23)OC(=O)[C@H](CO)c4ccccc4,1.4766901995460842
1328,NCCc1ccc(O)cc1,-7.9953737151506346
1329,OCC(Br)(CO)[N+]([O-])=O,30.894816471994318
1330,ClC(Cl)C(c1ccc(Cl)cc1)c2ccccc2Cl,-35.774568043801196
1331,C[C@]12CC[C@@H](O)C[C@@H]1CC[C@@H]3[C@@H]2CC[C@@]4(C)[C@H]3CCC4=O,41.83959989899833
1332,C[C@]12CC[C@H]3[C@@H](CC=C4C[C@@H](O)CC[C@]34C)[C@@H]1CCC2=O,45.367877250468126
1333,CC(=O)Nc1ccc2c(Cc3ccccc23)c1,-37.75859651395395
1334,C[C@@]12[C@H]3CC[C@H](O3)[C@]1(C)C(=O)OC2=O,37.84350919426731
1335,NC(Cc1c[nH]c2ccc(O)cc12)C(O)=O,-28.07867934962917
1336,CCO[P](=S)(OCC)Oc1ccc2C(=C(Cl)C(=O)Oc2c1)C,-20.728610805733865
1337,OCC(O)C=O,29.822227964969656
1338,C=CCN=C=S,39.52229117493643
1339,CN(C)N,25.254934942147962
1340,O=C1CCO1,31.72391229361906
1341,C[C@]12CC[C@H]3[C@@H](CCc4cc(O)ccc34)[C@@H]1CC[C@@]2(O)C#C,-47.70257593223812
1342,CCC(=O)O[C@H]1CC[C@H]2[C@@H]3CCC4=CC(=O)CC[C@]4(C)[C@H]3CC[C@]12C,49.11673295868928
1343,CN1CCN(CCCN2c3ccccc3Sc4ccc(Cl)cc24)CC1,-37.363872823274875
1344,OC(=O)CCCCC1SCC2NC(=O)NC12,33.99873337264211
1345,OC1COC(O)C(O)C1O,25.9616004632245
1346,OCC1OC(O)C(O)C(O)C1O,25.889991805924495
1347,Nc1ccc(cc1)[S](=O)(=O)Nc2cnc3ccccc3n2,-62.33986916248507
1348,OCC(S)CS,30.17070061349836
1349,Nc1ccc(cc1)N=Nc2ccccc2,-41.39017069232963
1350,OC[C@H]1O[C@@H](Oc2cc(O)cc(O)c2C(=O)CCc3ccc(O)cc3)[C@H](O)[C@@H](O)[C@@H]1O,-39.936125622089605
1351,CCO[S](C)(=O)=O,41.340489494815905
1352,CCC(C)C(C)(COC(N)=O)COC(N)=O,31.155799043992687
1353,OC(=O)C1=CC(=O)NC(=O)N1,1.324018339261741
1354,C[C@]12CC[C@H]3[C@@H](CCC4=CC(=O)CC[C@H]34)[C@@H]1CC[C@@]2(O)C#C,-2.8187172011950565
1355,OC(=O)CC(S)C(O)=O,32.416919494816
1356,CCC(=O)c1ccc(N)cc1,-4.450627856654705
1357,Oc1ccc2C(=O)c3ccccc3C(=O)c2c1O,-35.4757848338338
1358,N[S](=O)(=O)c1cc2c(NC(Cc3ccccc3)N[S]2(=O)=O)cc1C(F)(F)F,-19.073216253072644
1359,CCC1NC(=O)c2cc(c(Cl)cc2N1)[S](N)(=O)=O,6.259363710062871
1360,CS,28.81387792809782
1361,ClC=C,32.951530950918894
1362,FC=C,31.75135095091908
1363,CCS,29.30552643512283
1364,CSC,29.533666435122882
1365,BrC(Br)Br,32.26910509242281
1366,CC(C)Br,30.071622106472923
1367,ClC(Cl)Br,31.081635092422736
1368,CC(C)I,30.655872106472906
1369,CC(=O)C(C)(C)C,32.724717814695126
1370,CC(C)(C)C(O)=O,30.758712143345406
1371,CC(Cl)(Cl)C(O)=O,31.24398512929411
1372,CC(O)C(Cl)(Cl)Cl,30.095744942148343
1373,FC(Cl)(Cl)C(F)(Cl)Cl,30.16500359944816
1374,FC(F)(F)C(F)(F)Cl,25.589863599448236
1375,FC(F)(F)C(F)(F)C(F)(F)F,23.544222106472183
1376,CCC(C)([S](=O)(=O)CC)[S](=O)(=O)CC,58.759813746934384
1377,CC1(C)C2CCC1(C)C(=O)C2,36.66943617144574
1378,Oc1ccc(cc1)C2(OC(=O)c3ccccc23)c4ccc(O)cc4,-71.86396800693092
1379,N[S](=O)(=O)c1cc(ccc1Cl)C2(O)NC(=O)c3ccccc23,-26.961931961288514
1380,CCC(C)(O)CC,29.49359046322445
1381,CCC(C)(O)C#C,-19.58325249546472
1382,CCOC(=O)CC(O)(CC(=O)OCC)C(=O)OCC,36.824410573837895
1383,OC1CC(O)(CC(O)C1O)C(O)=O,28.921167664420807
1384,CCC(C)(CC)OC(N)=O,29.91542482874617
1385,CCCC(C)(COC(N)=O)COC(=O)NC(C)C,32.160826058042744
1386,CC(C)=CCCC(C)(O)C=C,39.39215919426795
1387,CC(Br)CBr,31.586592106472978
1388,CC(C)CBr,30.725500613498014
1389,CCC(C)C,29.953489120523116
1390,CC(=C)C=C,37.602123823465334
1391,CC(C)C=O,32.01308080064409
1392,CC(=C)C=O,35.82997815211521
1393,CCC(C)Cl,29.864810613497923
1394,CC(Cl)CCl,30.064652106472785
1395,ClCC(Cl)=C,34.06509945794411
1396,BrC(Br)C(Br)Br,34.201043599447885
1397,CC(C)[N+]([O-])=O,30.85769080064499
1398,CC1(C)OC(=O)C[C@@H]1C([O-])=O,34.125026508866014
1399,Nc1ccc(cc1)[S](=O)(=O)c2ccc(NCCO)cc2,-30.155459312758865
1400,CCC(C)(C)c1ccc(O)cc1,-4.405503865425089
1401,CC(C)(O)C1CCC(C)(O)CC1,31.353794491325743
1402,CC(=O)C1CC[C@H]2[C@@H]3CCC4=CC(=O)CC[C@]4(C)[C@H]3[C@H](O)C[C@]12C,48.74865445166441
1403,CN1C(c2ccc(Cl)cc2)[S](=O)(=O)CCC1=O,11.714380874387047
1404,Oc1ccc(cc1)C(c2ccc(O)cc2)c3ccccc3C(O)=O,-72.87084517125504
1405,Oc1c(cc(c(O)c1[N+]([O-])=O)[N+]([O-])=O)[N+]([O-])=O,-1.4930174823643227
1406,CN1CCN(CC1)C(c2ccccc2)c3ccccc3,-38.40522550867465
1407,CC(C)(C)C(=O)C1C(=O)c2ccccc2C1=O,6.067756545738291
1408,C[C@H]1C[C@H]2[C@@H]3CC[C@](O)(C(=O)CO)[C@@]3(C)C[C@H](O)[C@@H]2[C@@]4(C)C=CC(=O)C=C14,51.55107598150039
1409,c1ccc(cc1)c2ccccc2c3ccccc3,-73.17265087947548
1410,CCC(C(CC)c1ccc(O)cc1)c2ccc(O)cc2,-38.19599834434911
1411,C/C=C(c1ccc(O)cc1)/C(=C/C)c2ccc(O)cc2,-31.126283641407554
1412,COc1ccc2nccc(C(=O)C3CC4CCN3CC4C=C)c2c1,-23.50119244898309
1413,COc1c2C=CC(=O)Oc2cc3OC(C)(C)C=Cc13,-22.184022148433343
1414,OC(=O)c1cccc(c1O)[N+]([O-])=O,-3.5278861765345226
1415,Cc1cccc(NC(=O)c2ccccc2C(O)=O)c1,-37.07834065545842
1416,Nc1ccc2ccccc2c1N=Nc3ccccc3,-67.97870502097928
1417,CN1C2CCC1CC(C2)OC(=O)C(O)c3ccccc3,-0.4758183074786757
1418,CC(C)CCOC(=O)c1ccccc1O,-2.6634623355789984
1419,CC(=O)N[C@@H](Cc1c[nH]c2ccccc12)C([O-])=O,-25.3908378197836
1420,Clc1ncnc2nc[nH]c12,-34.2819649075767
1421,Oc1cccc(O)c1O,-9.150310729201024
1422,OC(C(O)C(O)=O)C(O)=O,29.691382330490654
1423,OCC(O)C(O)C(O)C(=O)CO,28.512391993070707
1424,OC1C(O)C(O)C(O)C(O)C1O,25.596581805924274
1425,OCC(O)C(O)C(O)CO,25.604373298899702
1426,Cc1cc(O)cc(C)c1Cl,-5.944809386500822
1427,[O-][N+](=O)c1cc(c(Cl)c(c1)[N+]([O-])=O)[N+]([O-])=O,1.7004468462862121
1428,OC(=O)c1cccnc1C(O)=O,-5.420919012209524
1429,OC(=O)c1cc(C(O)=O)c(cc1C(O)=O)C(O)=O,0.16137688315751575
1430,CC(C)[C@@H]1CC[C@@H](C)C[C@H]1O,32.556731655650594
1431,Brc1cccc2ccccc12,-31.397783564876093
1432,C1CCN2C[C@@H]3C[C@@H](CN4CCCC[C@H]34)[C@@H]2C1,35.33463419077651
1433,C1CCC2CCCCC2C1,33.983755984300345
1434,c1ccc(cc1)c2cccc(c2)c3ccccc3,-73.22936087947532
1435,COc1ccccc1OCC(O)CO,-6.696663865424853
1436,Cc1ccc2ccc(C)nc2c1,-34.58891938650078
1437,ClCC(=O)N(CC=C)CC=C,40.535555203038
1438,CC(C)COC(=O)c1ccc(N)cc1,-4.414298006928618
1439,CCOc1ccc(cc1)C(=O)OCCN(CC)CC,-1.9720111431533098
1440,CCCCOC(=O)c1ccc(N)cc1,-4.403178006928499
1441,O=C(/C=C/C=C/c1ccc2OCOc2c1)N3CCCCC3,7.725264902488078
1442,Cc1cc(Cl)ccc1OCCCC(O)=O,-2.6469508426046957
1443,CCCC(O)C(CC)CO,29.96246031295037
1444,CCN(CC)C(=S)SCC(Cl)=C,40.1968306872421
1445,Cc1ccc(Cl)c(Cl)c1,-4.490690729201347
1446,ClCC(Br)CBr,32.40533210647337
1447,OC(CCl)CCl,29.41090494214844
1448,CC1CCCO1,29.848469120523035
1449,COC1OC(CO)C(O)C(O)C1O,27.017460312949993
1450,Cc1ccccc1N=Nc2ccc(N)c(C)c2,-40.475843678278835
1451,OC(=O)CC(=C)C(O)=O,35.683822517637125
1452,CC(C)COC(=O)C(C)C,32.864467664421156
1453,CCC(CC)CO,29.721730463224176
1454,ClC(Cl)(Cl)c1ccccc1,-3.404440729201525
1455,CC(C)(C)c1ccc(O)c(O)c1,-5.821939536775162
1456,CC1=CC[C@@H](CC1)C(C)(C)O,35.8773290071216
1457,OC(=O)C1CCC(=O)N1,31.53735516616601
1458,CC(N)c1ccccc1,-7.033976550825756
1459,ClC(Cl)c1ccccc1,-4.280800729201488
1460,OC(=O)CC(CC(O)=O)C(O)=O,33.342186696012234
1461,Nc1c(Cl)cc(cc1Cl)[N+]([O-])=O,-4.940344870705701
1462,CC(=C)C1CC=C(C)C(=O)C1,43.02824371006275
1463,CCC(C)c1ccc(O)cc1,-5.010652372450323
1464,OC(=O)c1ccc(nc1)C(O)=O,-5.487459012209314
1465,C=CC1CCC=CC1,40.0018165088656
1466,Cc1cccc(C=C)c1,-0.8626263636798939
1467,ClCC#CCOC(=O)Nc1cccc(Cl)c1,-52.12722096561848
1468,CCCCN(CCCC)CCCC,32.635324341052154
1469,C(OCc1ccccc1)c2ccccc2,-38.97375520812487
1470,CC(C)CC(=O)CC(C)C,34.45662333577138
1471,CCOCCOC(=O)/C=C/c1ccc(OC)cc1,2.3340048656170325
1472,OCC(O)COc1ccc(Cl)cc1,-6.2392752081261165
1473,COc1ccc(\C=C\C)cc1,-0.9170250209790254
1474,CCCCC(CC)CO,30.99242747727537
1475,Cc1ccc(C=O)cc1,-2.679532035029993
1476,OC(=O)/C=C/c1[nH]cnc1,2.6605709877907486
1477,CCCC(C)CO,29.71867046322417
1478,COC(=O)CC(C)=O,33.62448233049108
1479,CCC(C)OC(C)=O,31.563320650370642
1480,CCCC(=O)OCC,31.697930650370495
1481,CCOC(=O)CC#N,-20.875675143993945
1482,CCCOC(=O)CCC,32.27045915739555
1483,CCCCCCC(=O)OCC,33.46691617144684
1484,CCCCCCCC(=O)OCC,34.076644678471894
1485,CCCCC(=O)CC,33.409146321720726
1486,CCCOC(=O)CC,31.733870650370477
1487,CCCCCC(=O)OC,32.44950915739577
1488,CCC1CO1,30.527410613498034
1489,C=CCOCC1CO1,35.120407814695184
1490,CCC#C,-19.813312345190567
1491,ClCCBr,30.399643599447945
1492,ClCC=C,33.43980945794406
1493,CC(C)I,30.653942106472904
1494,COC=O,29.846736622269006
1495,NCC[S](O)(=O)=O,38.599226659141095
1496,NC(=O)OCC(Cl)(Cl)Cl,30.18766080064453
1497,CC(C)CCBr,31.313659120523155
1498,CCCC(C)C,30.5607576275482
1499,NC(=O)CC#N,-23.449579322369473
1500,CC(C)CC(C)C,31.056496134573422
1501,CC(C)CC(C)O,29.57190046322434
1502,CC(C)NC(C)C,28.751453298898056
1503,CC(C)OC(C)=O,30.97031214334548
1504,CC(=O)OC(C)=O,32.596533823465585
1505,C=C1OC(=O)C=C1,39.81533401061149
1506,CC1COC(=O)O1,30.530503636319587
1507,Cc1ccnc(C)c1,-8.018085057851437
1508,CCOC(=O)CC(C)C,32.23037915739555
1509,CC(C)CC(O)CC(C)C,31.351175984300582
1510,CC(C)CC(=O)CC(C)C,34.4629533357713
1511,CC(C)CC(C)OC(C)=O,32.70678766442114
1512,CC1CCCCC1,31.7371832988983
1513,CC1CNCCN1,27.17417762754846
1514,CCCCOC(=O)CCC,32.865897664421425
1515,NC(=S)NCC=C,33.696719494815554
1516,BrCCCBr,31.638862106473
1517,CCCC=C,33.86552647199428
1518,CC\C=C/C,33.70098647199417
1519,C=COC=C,36.64730815211531
1520,CC(C)(C)OOC(C)(C)C,32.344930312950396
1521,OC(=O)\C=C\C(O)=O,35.24073401061178
1522,CC(C)COC(C)=O,31.66719065037057
1523,CCCCCCCCCC(=O)OCC,35.298871692522425
1524,CCOC(=O)CCCCCCCCC(=O)OCC,37.57962172939341
1525,CC(C)CCOC=O,32.002250650370456
1526,CCCCC=O,32.54141930766917
1527,CCCCCCCC(=O)OC,33.647436171446245
1528,CCCCCCC(O)=O,32.00177915739613
1529,CCOCCOC(C)=O,31.301753486045342
1530,OC(=O)CCSCCC(O)=O,33.47357650886666
1531,OC(=O)CCCCCCCCC(O)=O,34.61978770129295
1532,CCCCOC=C,33.86525781469523
1533,CC(=O)OCCOC(C)=O,32.96374367319143
1534,CCCCCCC=O,33.7120763217208
1535,CCCCCCCCC,32.3093931486258
1536,NCCNCCNCCN,23.63872031295034
1537,ClCCOCCOCCCl,30.987913298899528
1538,NCCNCCNCCNCCN,23.242312998350798
1539,CCCCCCCCCCCCCCO,34.48409851942759
1540,CCCCCCCCCCCCCCCCCCO,36.882792547527885
1541,CC[S](=O)(=O)C(C)(C)[S](=O)(=O)CC,58.25685523990903
1542,FC1(F)C(F)(F)C(F)(F)C1(F)F,25.955087777822655
1543,COC1=CC=C2[C@H]3Cc4ccc(OC)c5O[C@@H]1[C@]2(CCN3C)c45,7.581038893716823
1544,CO[P](=O)(Oc1ccccc1)Oc2ccccc2,-36.89268651395581
1545,CCNC(=O)CS[P](=S)(OC)OC,37.626193522917205
1546,ClC1=C(Cl)C(=O)c2ccccc2C1=O,6.702379681961844
1547,Oc1ccccc1C(=O)Oc2ccccc2,-38.60939069233001
1548,COc1ccc(cc1[N+]([O-])=O)[N+]([O-])=O,-1.6939005051845584
1549,OC(c1ccccc1)C(=O)c2ccccc2,-36.893655020979594
1550,C1CCc2ccccc2C1,-3.5700080438006268
1551,CNc1ccccc1C(O)=O,-6.190013528004755
1552,OCCN(CCO)c1ccccc1,-7.1345738654245
1553,Oc1ccc(Cl)cc1Cc2ccccc2,-39.516573715151
1554,CN(C)C(=O)OC1=CC(=O)CC(C)(C)C1,39.1839335597885
1555,C1OC1COc2ccccc2,-3.926280879475641
1556,CCCCC(CC)CCl,32.34098464160003
1557,CCCC(=O)CCC,33.38081632172086
1558,OC(=O)CCC(=O)OOC(=O)CCC(O)=O,38.703196732883
1559,CCCCCCCCC(=O)OCC,34.601103185497095
1560,O=C1CCC(=O)N1,31.776223823465735
1561,CCCCCC(=O)OCC,32.9048076644212
1562,C/C=C/C=O,35.785138152115195
1563,CC(C)CCOC(C)=O,32.27138915739614
1564,NCCCCCCN,26.957658970250066
1565,CCCCCCCC=O,34.36063482874647
1566,CCCCOCCOCCOC(C)=O,33.15737034982189
1567,CCCCCCCCC=O,34.92457333577137
1568,ClC(Br)Br,31.707595092422814
1569,FC(Br)C(F)(F)F,27.213933599448083
1570,CC(=O)C1C(=O)C=C2Oc3c(C(C)=O)c(O)c(C)c(O)c3C2(C)C1=O,11.681973783797389
1571,OCC(CO)(CO)[N+]([O-])=O,29.129357814695098
1572,NC(=O)OC1(CCCCC1)C#C,-17.42147395156769
1573,CCO[P](=O)(OCC)SCCSCC,37.602547514146295
1574,CCCC1OC1(CC)C(N)=O,32.49851050009586
1575,COc1ccc2[C@H](OC(=O)c2c1OC)[C@@H]3N(C)CCc4cc5OCOc5c(OC)c34,-34.637605622089325
1576,OC(=O)c1c(cc(cc1[N+]([O-])=O)[N+]([O-])=O)[N+]([O-])=O,2.718928376132382
1577,COc1ccc(C(=O)Cc2c(CCN(C)C)cc3OCOc3c2OC)c(C(O)=O)c1OC,-33.44968125656965
1578,Oc1c(cc(cc1[N+]([O-])=O)[N+]([O-])=O)C2CCCCC2,1.1537591942659446
1579,OC(=O)c1cc(nc2ccccc12)c3ccccc3,-67.14376069233032
1580,OC(=O)c1ccccc1C(=O)Nc2cccc3ccccc23,-64.03755349113459
1581,OC(C(O)C(O)=O)C(O)=O,29.74320233049079
1582,Cc1cc(O)c(Cl)c(C)c1Cl,-5.226219386500858
1583,N[S](=O)(=O)c1cc2c(NCN[S]2(=O)=O)cc1C(F)(F)F,13.80494106152861
1584,Nc1ccc(cc1)c2ccc(Cl)cc2,-41.32099938650056
1585,CCOc1ccc(cc1N)[N+]([O-])=O,-5.7139050209802775
1586,Cc1cc(C)c(N)cc1C,-7.0929080438005485
1587,CCCCOC(=O)C(C)O,31.455211993070918
1588,OC1CC(=CC(O)C1O)C(O)=O,33.53464218021672
1589,CC(=C)C1CCC(=CC1)C,40.647913522917165
1590,Oc1ccc(C=O)cc1O,-4.878714870705338
1591,CCNC(=O)Nc1sc(cn1)[N+]([O-])=O,1.0721780018408964
1592,COc1ccc(CC=C)cc1,-0.7048750209791876
1593,CCOC(=O)CCCCC(=O)OCC,35.224287701291956
1594,OC(=O)CCI,31.676375129294733
1595,CC(C)=CC(C)=O,36.26176516616603
1596,OC(=O)CC(O)=O,30.736568152115275
1597,C1CC=CC1,34.402483636319154
1598,CCCCCCOC(C)=O,32.85253766442128
1599,CC(=O)[C@H]1CC[C@H]2[C@@H]3CC=C4C[C@@H](O)CC[C@]4(C)[C@H]3CC[C@]12C,46.51338426451832
1600,O[C@@H]([C@H](O)C(O)=O)C(O)=O,29.726562330490523
1601,OC(C(O)C(O)=O)C(O)=O,29.6811423304906
1602,Cc1c(cc(cc1[N+]([O-])=O)[N+]([O-])=O)C(N)=O,-0.8010689753383531
1603,O[S](=O)(=O)OCCOc1ccc(Cl)cc1Cl,7.282480837515422
1604,CCOc1ccc(NC(N)=O)cc1,-7.476209349629372
1605,C[C@@H]1C[C@H]2[C@@H]3C[C@H](F)C4=CC(=O)C=C[C@]4(C)[C@H]3[C@@H](O)C[C@]2(C)[C@H]1C(=O)CO,52.07943314582218
1606,C1c2cccc3ccc4cccc1c4c23,-58.11602222217584
1607,c1ccc2c(c1)ccc3c4cccc5cccc(c45)c23,-92.07724655082613
1608,c1ccc2c(c1)cc3c4ccccc4c5cccc2c35,-92.30205655082626
1609,c1ccc2cc3c4cccc5cccc(c3cc2c1)c45,-92.23484655082613
1610,c1ccc2c(c1)cnc3ccccc23,-62.09355072920086
1611,C1CN2CCN1CC2,28.544223298899695
1612,C1CCCCCC1,31.849053298898255
1613,CCO[P](=S)(OCC)Oc1cnccn1,-4.790920842604777
1614,CCO[P](=S)(OCC)OCCSCC,37.4804775141464
1615,COc1c2occc2cc3C=CC(=O)Oc13,-47.77913203503023
1616,CCC(C)(OC(N)=O)C#C,-19.090188129942817
1617,CNC(=O)Oc1cc(C)c(N(C)C)c(C)c1,-5.312353828553853
1618,Fc1cc(F)c(F)cc1F,-8.190099236226864
1619,Fc1ccccc1Cl,-6.1049192362266
1620,Fc1ccc(I)cc1,-4.8185992362266745
1621,Fc1ccccc1F,-7.254199236226476
1622,C[C@]12CC(=O)[C@H]3[C@@H](CCC4=CC(=O)CC[C@]34C)[C@@H]1CCC2=O,50.804654789084964
1623,FC(F)(F)COC=C,30.47603080064475
1624,OC(=O)c1ccccc1C(F)(F)F,-6.392569199355023
1625,C[C@]12CCC(=O)C=C1CC[C@@H]3[C@@H]2CC[C@@]4(C)[C@H]3CC[C@@]4(O)C#C,-2.597098694169631
1626,C[C@H](CCC(O)=O)[C@H]1CC[C@H]2[C@@H]3CC[C@@H]4C[C@H](O)CC[C@]4(C)[C@H]3CC[C@]12C,43.757655269797795
1627,CC(=O)NCc1c(I)c(NC(C)=O)c(I)c(C(O)=O)c1I,4.60978654573654
1628,CCC[C@H]1CCCCN1,30.5553274772753
1629,CC1(C)C2CCC1(C)[C@@H](O)C2,33.54043881997505
1630,CC1OC(O[C@H]2CC[C@]3(C)[C@H]4CC[C@]5(C)[C@H](CC[C@]5(O)[C@@H]4CCC3=C2)C6=COC(=O)C=C6)C(O)C(O)C1O,14.452653813676534
1631,CC12CCC(CC1)C(C)(C)O2,33.055608819975674
1632,Nc1ccc(cc1)[S](=O)(=O)c2sc(N)nc2,-25.032037669509606
1633,C[C@]12CC[C@H]3C(=CCc4cc(O)ccc34)[C@@H]1CCC2=O,7.060584715342145
1634,COc1cc(cc(OC)c1OC)[C@H]2[C@H]3[C@H](COC3=O)[C@@H](O)c4cc5OCOc5cc24,-34.34807845776413
1635,C1Cc2c3ccc4ccccc4c3cc5cccc1c25,-84.44375804380039
1636,OC[C@H]1O[C@@H](O[C@@H]2OC=C[C@H]3[C@H](O)C=C(CO)[C@@H]23)[C@H](O)[C@@H](O)[C@@H]1O,37.446785907756095
1637,Oc1ccc(c(O)c1)C2=C(O)C(=O)c3c(O)cc(O)cc3O2,-66.69828502098105
1638,Cc1cc(C)c(c(C)c1)C(O)=O,-3.534322185304333
1639,C[C@H]1[C@@H]2CC[C@@]3(C)C=CC(=O)C(=C3[C@H]2OC1=O)C,48.545033596660176
1640,C[C@]12CC[C@H](O)C[C@@H]1CC[C@@H]3[C@@H]2CC[C@@]4(C)[C@H]3CCC4=O,41.6480298989984
1641,CN1C2CCC1[C@H]([C@@H](O)C2)C(O)=O,32.108649007121244
1642,COc1ccc2C=CC(=O)Oc2c1CC=C(C)C,-21.822282148433516
1643,OC(C1CC2CCN1CC2C=C)c3ccnc4ccccc34,-26.920621143153653
1644,O=C1NC(=O)c2nccnc2N1,-31.82904319058477
1645,OC1C(O)C(O)C(O)C(O)C1O,25.509521805924436
1646,O[C@@H]1C[C@@H](O)[C@H](O)C(O)[C@H]1O,26.42963897024987
1647,OC(=O)c1ccncc1C(O)=O,-5.517949012209414
1648,OC(=O)C(=C)c1ccccc1,0.2610766591412812
1649,OC[C@H]1O[C@H](O)[C@H](O)[C@@H](O)[C@@H]1O,25.900851805924347
1650,OC(C(O)c1ccccc1)c2ccccc2,-40.2962223724501
1651,O=C(NN\C=C/1C=CC=CC1=O)c2ccncc2,8.426216920029788
1652,CC(CC(O)=O)C(O)=O,31.719615166166278
1653,C\C(=C\C(O)=O)C(O)=O,35.67589251763691
1654,C\C(=C/C(O)=O)C(O)=O,35.67827251763704
1655,OC(=O)C\C(=C/C(O)=O)C(O)=O,37.22730404748337
1656,CC(C)c1ccc(C)c(O)c1,-5.252962372450426
1657,OC(=O)c1ccnc(c1)C(O)=O,-5.430359012209308
1658,ClCCC(=O)NCc1ccccc1,-3.338099349629047
1659,CCCCC(=O)CCCC,34.54107333577144
1660,O[S](=O)(=O)C[S](O)(=O)=O,52.00139986910779
1661,CC(C)CC(O)=O,30.75487214334531
1662,OC(=O)CCCCCCC(O)=O,33.4090606872424
1663,OC(=O)CCCCCCCCCCCC(O)=O,36.38157322236833
1664,ClCCSCCCl,32.06719344917415
1665,OC(=O)\C=C/C=C\C(O)=O,40.06357837613331
1666,CC(C)(C)Br,30.527100613498014
1667,CC(C)(C)Cl,29.621640613497945
1668,CC(C)(C)CC(=O)OCC(=O)C1(O)CCC2C3CCC4=CC(=O)CCC4(C)C3C(O)CC12C,53.02616135229391
1669,CCOC(=O)C(O)(c1ccc(Cl)cc1)c2ccc(Cl)cc2,-35.6172751712561
1670,C[C@@H]1CC[C@@]2(OC1)O[C@H]3C[C@H]4[C@@H]5CC=C6C[C@@H](O)CC[C@]6(C)[C@H]5CC[C@]4(C)[C@H]3[C@@H]2C,47.198305119508404
1671,CC=C(C)C,33.49991647199421
1672,CC(C)CCl,29.985150613497865
1673,CC(=C)C(C)=C,38.04246233049034
1674,CC12CC[C@H](O)CC1CCC3C4CCC(=O)C4(C)CC(O)C23,41.154882734671986
1675,Cc1csc(N[S](=O)(=O)c2ccc(N)cc2)n1,-24.78239916248357
1676,Cc1cc(N[S](=O)(=O)c2ccc(N)cc2)nc(C)n1,-35.27961781978382
1677,CC(C(O)=O)C(O)=O,31.359716659140304
1678,CC12CCc3c(ccc4cc(O)ccc34)C1CCC2=O,-25.96416815720383
1679,CC(=O)C1CCOC1=O,34.7722780018416
1680,COc1cc(cc(OC)c1OC)[C@H]2[C@@H]3[C@H](COC3=O)Cc4c(O)c5OCOc5cc24,-34.22360845776353
1681,Oc1cc(O)c(c(O)c1)C(=O)c2ccc(O)c(O)c2,-41.80503218530616
1682,CC(=O)C1C(=O)OC(=CC1=O)C,41.85085255450829
1683,COC1=C(C#N)C(=O)N(C)C=C1,-54.068115143993964
1684,Cc1cccc(O)c1C,-6.388249386500618
1685,OC[C@H](O)[C@@H](O)C(O)[C@H](O)[C@H](O)CO,24.9710259842995
1686,CC(=O)c1ccc(O)c(O)c1O,-5.724863528004548
1687,OC(=O)c1ccc(C(O)=O)c(c1)C(O)=O,-1.5605946466880454
1688,OC(=O)c1ccc(c(c1)[N+]([O-])=O)[N+]([O-])=O,0.20303968196107292
1689,CC(C)C(CC=C)C(=O)NC(N)=O,36.13554221708864
1690,Oc1c2ccccc2cc3ccccc13,-60.36047505785032
1691,CC(=O)c1ccc(O[C@@H]2O[C@H](CO)[C@@H](O)[C@H](O)[C@H]2O)cc1,-3.8025768145050733
1692,C=C(c1ccccc1)c2ccccc2,-34.76801069232971
1693,OC(=O)c1ccccc1Nc2cccc(c2)C(F)(F)F,-42.02916934963025
1694,COc1ccccc1OCC(O)COC(N)=O,-6.165579499903885
1695,CCN(CC)C(=O)CC(C)C,32.48688900712173
1696,OC(CI)CI,31.831404942148623
1697,CCCCC(C(O)=O)C(O)=O,33.036022180216904
1698,CC(C)(C)c1sc(N[S](=O)(=O)c2ccc(N)cc2)nn1,-25.049346477084356
1699,CN(C)c1cc(C)nc(Cl)n1,-10.858833715151121
1700,CCc1ccncc1,-7.784175057851513
1701,CCc1cccnc1,-7.758625057851688
1702,CN1C2CCC1CC(C2)OC(=O)c3ccccc3,-0.2016996501785684
1703,OC(=O)/C=C/c1occc1,6.908310987790756
1704,CCCCC(=O)OCC,32.25971915739606
1705,CCOC(=O)NCC(C)C,30.208534828746238
1706,CCCCCOC(=O)CCC,33.4602461714464
1707,CC(C)CC(C)(C)C,31.687834641599252
1708,CC(=O)OC(C)(C)C,31.403380650370437
1709,CCCC(Cl)Cl,30.77613061349865
1710,CC(N)CC(O)=O,28.364279307670074
1711,CC(C)COC=O,31.465362143345487
1712,CCCCI,31.35331061349808
1713,ClC\C=C/Cl,34.12719945794411
1714,CC(=O)NCC(O)=O,30.282679494816122
1715,CC(C)CCOCCC(C)C,32.327844491326005
1716,C=C1CCOC1=O,35.805326659140974
1717,CCOC(=O)C(C1=C(O)Oc2ccccc2C1=O)C3=C(O)Oc4ccccc4C3=O,-81.2645206185951
1718,COC(=O)C1=CO[C@@H](O[C@@H]2O[C@H](CO)[C@@H](O)[C@H](O)[C@H]2O)[C@@H]3[C@@H](C)CC(=O)[C@H]13,40.0039331089539
1719,CC(C)c1ccc(C)c(C(O)=O)c1O,-3.909980842603858
1720,OC[C@H]1O[C@H]([C@H](O)[C@@H]1O)n2cnc3cncnc23,-34.99265386542629
1721,Oc1ccc2ccccc2c1[N+]([O-])=O,-31.741692035030184
1722,CCCOc1ccc(cc1N)[N+]([O-])=O,-5.115586513954199
1723,CC1=C(N)NC(=O)N=C1,-7.405164870705164
1724,OC(=O)\C=C/C(=O)Nc1ccccc1,0.9216710246622455
1725,CCCOC,28.946173449172967
1726,C=CCOCC=C,38.012835166166056
1727,BrC(Br)(Br)Br,33.87138509242276
1728,CN1CC[C@]23[C@H]4Oc5c(OC(C)=O)ccc(C[C@@H]1[C@@H]2C=C[C@@H]4OC(C)=O)c35,8.71371893057858
1729,CCC(C)(C)CC,31.120586134573273
1730,CC(C)C=C,33.81623647199424
1731,CCC(C)=C,33.68684647199417
1732,CCC(C)C(C)(C)C,31.74667464159917
1733,CCC(C)C(C)C,31.233296134573365
1734,CCC(C)C(C)O,29.557100463224415
1735,CCC(C)C(C)=O,32.76045781469516
1736,CCC(O)C(C)C,29.543450463224318
1737,CCC(=O)C(C)C,32.792177814695336
1738,CC(C)C(C)C(C)C,31.810404641599007
1739,CC(C)C(=O)C(C)C,33.370826321720614
1740,COc1cc(cc(OC)c1O)[C@H]2[C@@H]3[C@H](COC3=O)Cc4c(O)c5OCOc5cc24,-34.92902696478842
1741,COc1ccc2COC(=O)c2c1OC,-2.8666893496298513
1742,OC(=O)c1cccc(C(O)=O)c1C(O)=O,-1.4357346466886014
1743,OC(=O)c1[nH]cnc1C(O)=O,-0.37641184788459725
1744,OC(=O)COc1c(Cl)cc(Cl)cc1Cl,-2.556116363680445
1745,OC(C(O)c1ccccc1)c2ccccc2,-40.258682372450295
1746,CCc1cccc(CC)c1N,-6.199449536775404
1747,CC1CCCCC1C,32.2957618059239
1748,Cc1ccncc1C,-7.947925057851677
1749,Cc1cccnc1C,-7.938775057851586
1750,CCCOC(=O)CN1C=C(I)C(=O)C(=C1)I,6.078219344540599
1751,CCCC(C)CC,31.09742613457331
1752,CCC(C)CCO,29.688930463224224
1753,CCCC(=O)CC,32.80093781469526
1754,CCCCC(C)CC,31.697154641599127
1755,Brc1ccc(I)cc1,-2.82775923622674
1756,CC1CCC(C)CC1,32.11286180592384
1757,Cc1ccc(C)nc1,-7.964075057851602
1758,CCCCOC(=O)CC,32.30689915739609
1759,CCCC(C)(C)C,31.097296134573426
1760,CCCC(C)(C)O,29.4859104632243
1761,CC1=CCC(=O)O1,35.5541066591411
1762,CC1CCCC(=O)C1,33.8047534860455
1763,CC1=CCCCC1,35.199450650369386
1764,CCCCC(C)C,31.087746134573422
1765,C/C=C/CCl,33.79550796496913
1766,CCCC\C=C\C,34.82922348604454
1767,CCCCOC=O,31.47979214334542
1768,CC(C)C(C)(C)O,29.442840463224357
1769,CC(C)(C)C(C)(C)O,30.04206897025003
1770,CC(=O)O[C@@]1(CC[C@H]2[C@@H]3C=C(C)C4=CC(=O)CC[C@]4(C)[C@H]3CC[C@]12C)C(C)=O,56.3433175113484
1771,CCC(C)(O)C(C)C,30.078138970249896
1772,CC(C)(C(O)=O)C(O)=O,31.889805166166084
1773,CC[S](=O)(=O)CC,42.881675166166374
1774,CC(C)(CC(O)=O)C(O)=O,32.35917367319148
1775,CCC(O)(CC)CC,30.0974489702498
1776,CCCC(C)(O)CC,30.044318970250018
1777,COC(C)C,28.847583449173143
1778,CCC(Cl)[N+]([O-])=O,31.759390800644887
1779,CC(C)C(O)C(C)C,30.16233897024989
1780,CCC(C(O)=O)C(O)=O,31.922535166166213
1781,OC(=O)c1c(Br)c(O)c(O)c(O)c1Br,-4.413829199355931
1782,COc1c(cc(cc1[N+]([O-])=O)[N+]([O-])=O)[N+]([O-])=O,1.02714818898626
1783,OC(=O)c1ccc(cc1[N+]([O-])=O)[N+]([O-])=O,0.08797968196145689
1784,[O-][N+](=O)c1ccc2COC(=O)c2c1,-0.744683340859865
1785,O=C1C=CNc2ccccc12,-29.511170542055012
1786,OC(C(O)=O)c1ccccc1,-4.986366363679423
1787,O=C(NC(=O)c1ccccc1)c2ccccc2,-36.086491998158934
1788,Clc1ccccc1I,-3.620059236226581
1789,Ic1ccccc1I,-2.158259236226762
1790,Brc1ccc(Br)c(Br)c1,-1.8992392362270394
1791,CCC(Cl)CC,30.511089120522968
1792,CCC(O)C=C,32.995559307669225
1793,CC[NH+](C)CC,31.563207627548167
1794,CCCC(O)C(C)C,30.144978970249852
1795,OC[C@H]1O[C@@H](Oc2ccccc2C=O)[C@H](O)[C@@H](O)[C@@H]1O,-4.076025321529443
1796,OC(=O)c1cc(O)cc(c1)C(O)=O,-4.217833340859215
1797,Cc1ccc(cc1C)C([O-])=O,-3.583583528005178
1798,Cc1ccc(C=C)cc1,-0.8653263636798982
1799,O=Cc1ccc(C=O)cc1,0.1516681521159029
1800,CCCC(=O)OC,31.253662143344954
1801,CCCCC(O)CCCC,31.333855984300442
1802,Ic1ccc(I)cc1,-2.2744092362268304
1803,COC(=O)\C=C/C(=O)OC,37.37392102466207
1804,CCCCCCC(O)CC,31.334645984300494
1805,ICCI,32.171573599447825
1806,CC(C)(C)CCO,29.739820463224206
1807,CC(C)CC(C)(C)O,30.022548970249943
1808,CCCCC(C)(C)O,30.026968970249925
1809,CCCCCC(C)(C)O,30.646497477275418
1810,CCCC(C)Cl,30.435199120523137
1811,COCC(C)C,29.607671956198146
1812,CCOC(C)C,29.368141956197974
1813,CC(C)OC=O,30.724673636319807
1814,Clc1cccc(I)c1,-3.598969236226388
1815,Ic1cccc(I)c1,-2.272289236226726
1816,OC1=CC(=O)C=CN1,-3.7421233777303797
1817,CC(C)CCCO,29.700140463224344
1818,CCCOC(C)C,29.912640463224434
1819,OCCCBr,29.383304942147987
1820,CC\C=C/C,33.70076647199415
1821,OCCCCl,28.64050494214799
1822,CC(C)CCC(C)O,30.180398970249755
1823,CCCCOC,29.54400195619803
1824,CCCOCC,29.428801956198072
1825,CCCCCOC(C)=O,32.30625915739613
1826,CCCCCC#C,-18.055606824115443
1827,C1CCC=CCC1,35.48387065036934
1828,CCCCCCCC(C)O,31.265325984300645
1829,CCCCCCC#C,-17.421838317089836
1830,CCCCCCCCCCCCCCCO,34.971767026452255
1831,OC(=O)c1ccnc(C(O)=O)c1C(O)=O,-3.6499974823636165
1832,OC(=O)c1ccc(O)c(c1)C(O)=O,-4.464753340859275
1833,CCC(=O)OC(C)C,31.570520650370682
1834,Clc1ccc(I)cc1,-3.5998992362265483
1835,CC1NC(C)SC(C)S1,31.280816134574707
1836,CCCCCCCCCCCCC(O)=O,35.48766019954775
1837,OC1C(O)C(O)C(O)C(O)C1O,25.519531805924416
1838,CC\C=C\C,33.70793647199424
1839,C=CC#C,-15.878344993719558
1840,CC(C)CC=C,34.42714497901933
1841,OC(=O)CCCCCCCCCCC(O)=O,35.84402471534369
1842,Clc1ccccc1Br,-4.111099236226465
1843,Cc1oc(N[S](=O)(=O)c2ccc(N)cc2)nc1C,-25.757400655459264
1844,CCCC(C)=C,34.25407497901929
1845,C1CC[C@@H]2NCCC[C@H]2C1,31.843953148625175
1846,Clc1ccc(cc1)C(c2ccccc2Cl)C(Cl)(Cl)Cl,-34.9994580438007
1847,CCOC(=O)CCCC(=O)OCC,34.64729919426679
1848,OCCCC=C,33.14118930766932
1849,COCCCNc1nc(NC(C)C)nc(SC)n1,-13.14721267299987
1850,OC(=O)CC(Br)C(O)=O,32.9022466591407
1851,CCC#CCC,-18.88918533114044
1852,CN(C)C(=O)C(c1ccccc1)c2ccccc2,-36.88481517125362
1853,[O-][N+](=O)c1ccc(Nc2ccccc2)c(c1)[N+]([O-])=O,-37.39974199815951
1854,CCOc1ccc(N[S](=O)(=O)c2ccc(N)cc2)nn1,-34.854634984109225
1855,CC(=O)C1(C)CCC2C3C=C(C)C4=CC(=O)CCC4(C)C3CCC12C,54.82274598151048
1856,CNc1nc(NC(C)C)nc(SC)n1,-14.330891029750148
1857,Fc1ccccc1Br,-5.316359236226646
1858,CC(C)(C)C(=O)OCC(=O)C1(O)CCC2C3CCC4=CC(=O)C=CC4(C)C3C(O)CC12C,56.01550019673971
1859,CCCCC#CC,-18.285396824115395
1860,CCC(C)(C)CO,29.694130463224283
1861,NCC1CCC(CC1)C(O)=O,31.21016050009584
1862,Cc1cc(C)c2ccccc2n1,-34.593859386500824
1863,CCCCCCCCCCCCCCCCCO,36.20324404050291
1864,CC[C@@H]1CCCCN1,30.02699897024941
1865,CC(=O)Oc1ccc(Br)cc1C(O)=O,-0.9567376695091951
1866,COc1ccc(NC(N)=O)cc1,-7.95112785665458
1867,C/C=C/C(C)O,32.78216930766912
1868,CN(C)NC(=O)CCC(O)=O,30.337272180216857
1869,OCC(CO[N+]([O-])=O)(CO[N+]([O-])=O)CO[N+]([O-])=O,36.690416545736014
1870,CCCCCCCCCC(C)O,32.54358299835121
1871,Cc1cnc2c(ccc3c(C)c(C)cnc23)c1C,-62.61490953677536
1872,CN(C)CC\C=C1/c2ccccc2COc3ccccc13,-33.63207248585388
1873,CCC1CCCCC1,32.342901805924015
1874,O=C1C=CC(C=C1)=NNc2ccccc2,7.778862554508834
1875,Oc1c(Br)cc(cc1Br)C#N,-55.87428518086537
1876,OC(=O)c1nc(Cl)ccc1Cl,-5.399010542055549
1877,Cc1cc2c3ccccc3ccc2c4ccccc14,-85.78661371515042
1878,C1Cc2ccc3CCCc4ccc(C1)c2c34,-28.978008194074988
1879,CCN(CC)C(=O)CSc1ccc(Cl)nn1,-5.301415171254092
1880,CCCCN(CC)c1c(cc(cc1[N+]([O-])=O)C(F)(F)F)[N+]([O-])=O,-1.4073966273664098
1881,Nc1ncnc2n(cnc12)[C@]3(CO)O[C@H](CO)[C@@H](O)[C@H]3O,-37.729146851376214
1882,Nc1c(Cl)c(Cl)nc(C(O)=O)c1Cl,-7.081924870705677
1883,NC(=S)c1c(Cl)cccc1Cl,-1.9641548707053857
1884,CC(OC(=O)Nc1cccc(Cl)c1)C#C,-52.857070965618675
1885,CN(C)C(=O)Nc1ccc(Oc2ccc(Cl)cc2)cc1,-39.594205171255
1886,CC1CCCCC1NC(=O)Nc2ccccc2,-3.291942485853383
1887,NC1=C(F)C=NC(=O)N1,-8.163723377730278
1888,CC(C)c1ccc2ccccc2c1,-31.26993804380041
1889,CNC(=O)Oc1cc(C)c(SC)c(C)c1,-3.380705171254249
1890,CCC(C)(C)c1ccccc1,-3.370536701099951
1891,CCOC(=O)CCCCCC(=O)OCC,35.8215962083176
1892,CCOC(=O)CCCCCCC(=O)OCC,36.3931047153425
1893,CCCC1CCCC1,32.33287180592389
1894,C[C@H]1CCCC[C@H]1C,32.37262180592377
1895,CC1CCC(C)CC1,32.298961805923994
1896,CCO[P](=S)(OCC)SCC(=O)NC(C)C,38.8405190439924
1897,OC(=O)C1CCCCC1C(O)=O,34.13652785156698
1898,CCCCOC(=O)C1(O)c2ccccc2c3ccccc13,-35.06942099287957
1899,CC12CCC3C(CCC4CC5SC5CC34C)C1CCC2O,42.24350971185231
1900,Fc1cc(F)c(F)c(F)c1,-8.213669236226714
1901,CCCC(C)(C)CO,30.435048970249852
1902,Cc1ccc2cc3c(ccc4ccccc34)cc2c1,-85.75530371515057
1903,CCOC(=O)[C@H](Cc1c[nH]c2ccccc12)N(C)C=O,-21.839357970058018
1904,C#CCCCC#C,-67.24214978280392
1905,C#CCCCCCC#C,-66.06293276875263
1906,CC(C)CCCCCCO,31.437875984300646
1907,OC(=O)C1(O)c2ccccc2c3ccc(Cl)cc13,-37.06072502098047
1908,CC(=O)Oc1c(cc(c(C)c1C(C)(C)C)[N+]([O-])=O)[N+]([O-])=O,3.6615107241125884
1909,Cc1cccc2ccc3cc4ccccc4cc3c12,-85.50816371515066
1910,Cc1c2ccccc2cc3c4ccccc4ccc13,-85.60767371515064
1911,CC(=C)[C@@H]1[C@H]2OC(=O)[C@@H]1[C@]3(O)[C@H]4O[C@H]4[C@]5(CO5)[C@]3(C)[C@@H]2O,43.37949172939139
1912,COc1cc(Cl)c(OC)cc1Cl,-4.7396565508260124
1913,C[C@H]1C[NH2+][C@H](C)C[NH2+]1,33.80992180592497
1914,CC(=O)Nc1ccc(N\N=C\2C=C(C)C=CC2=O)cc1,9.110183934079657
1915,OC(=O)CCCCCCCCCCBr,35.73477318549726
1916,CCC(N)C(O)=O,28.59433930766994
1917,OC(=O)COc1cccc(Cl)c1Cl,-3.1688663636797685
1918,CC(CCC(O)=O)CC(O)=O,32.81098218021663
1919,C=CCCCC=C,38.91186083751549
1920,CC1CCCC(C)(C)C1,32.689880312950336
1921,CC(C)(C)CCCO,30.216558970249892
1922,Oc1ccccc1C(=O)N2CCOCC2,-4.088398006929225
1923,Oc1cc(Cl)ccc1Oc2ccc(Cl)cc2Cl,-39.20445938650147
1924,CCCCCCCC#C,-16.833679810063302
1925,OCC1OC(O)C(O)C(O)C1O,25.82309180592425
1926,CC(=C)C1(O)[C@H]2OC(=O)[C@@H]1[C@]3(O)[C@H]4O[C@H]4[C@]5(CO5)[C@]3(C)[C@@H]2O,42.475844565066495
1927,Clc1c(Cl)c(Cl)c2nccnc2c1Cl,-34.60977923622684
1928,CC(C)CCC(C)(C)C,32.22610314862578
1929,OCCN(Cc1ccc(Oc2ccc(cc2)[N+]([O-])=O)cc1)C(=O)C(Cl)Cl,-34.16948229871642
1930,Cc1cc2ccccc2c3ccc4ccccc4c13,-85.57241371515053
1931,Cc1c(C)c2c3ccccc3ccc2c4ccccc14,-85.0273752081254
1932,CCO[P](=O)(OCC)SCC(=O)NC(C)(C)C#N,-14.711079736321608
1933,CCC(O)C(C)(C)C,30.163918970250023
1934,OC(=O)COc1c(Cl)ccc(Cl)c1Cl,-2.35110636368033
1935,C\C=C/CO,32.29451080064398
1936,CCCCCCC(C)O,30.736257477275515
1937,CCSc1nc(NC(C)C)nc(NC(C)C)n1,-12.847165508673925
1938,CC[C@@H]1[C@@H](O)N2[C@H]3C[C@@H]1C4C(O)[C@@]5(C[C@H]24)[C@H]3N(C)c6ccccc56,-0.021887302200042313
1939,CC(=O)CC1CCCCN1,32.781237664421226
1940,CC1CCC(C)(C)C1,32.16697180592391
1941,CN(C=C)N=O,32.682010987790505
1942,CC1(C)[C@@H]2CC[C@@](C)(C2)C1=O,36.656706171446515
1943,CCCN(CCC)c1c(cc(cc1[N+]([O-])=O)[S](C)(=O)=O)[N+]([O-])=O,14.20890792530696
1944,[O-]C(=O)c1cccc(Cl)c1[N+]([O-])=O,-1.0972618478843117
1945,C/C=C/C#N,-19.09596932236947
1946,CCCC(O)C=C,33.53419781469526
1947,CC(C)C(O)C=C,33.59143781469511
1948,CCC(O)\C=C\C,33.312237814695166
1949,CCC(C)C(C)(C)O,30.09613897024991
1950,CCCCC1=C(C)NC(=NC1=O)N(C)C,-3.3128138285531463
1951,CC(C)=CCC\C(C)=C\C=O,42.62773654573874
1952,CC1(C)C(CCC1(C)C(O)=O)C(O)=O,35.38552486561747
1953,CCCCC(C)(O)CC,30.641697477275514
1954,CCOC1CC1,31.049499120522967
1955,CC[S](=O)CS[P](=S)(OC(C)C)OC(C)C,46.466161879667425
1956,CC(C)OC(=O)C(O)(c1ccc(Cl)cc1)c2ccc(Cl)cc2,-35.152796664230436
1957,OC1=C(C2CCCc3ccccc23)C(=O)c4ccccc4O1,-59.694375171254705
1958,CCCCCC(O)CCC,31.369025984300563
1959,CC(=C)[C@@H]1CCC(=CC1)C,40.66062352291715
1960,C\C(Cl)=C/C(O)=O,34.61643098779078
1961,CNCC(O)C(O)C(O)C(O)CO,25.098825984299708
1962,CC(C)CC(C)CO,30.39998897024992
1963,C\C=C/C(=O)O[C@@H]1C[C@H]2O[C@@H]3C=C(C)C(=O)C[C@]3(C)[C@]1(C)[C@@]24CO4,51.282680460434165
1964,CCNc1nc(Cl)nc(NCC(=O)OCC)n1,-12.658902335579597
1965,CCC(C)OC,29.44249195619807
1966,C[C@H]1CCCC[C@@H]1C,32.318161805923964
1967,CNC(=O)\C=C(/C)O[P](=O)(OC)OC,37.12174938141254
1968,CC(Oc1ccc(Cl)cc1C)C(O)=O,-3.0531493496297344
1969,COC(=O)c1cc(Cl)cc(N)c1Cl,-4.55256352800528
1970,CCC(C)(O)C(C)(C)C,30.696427477275336
1971,NCC(O)c1ccccc1,-7.92408371515053
1972,CC(Cl)C(C)Cl,30.456340613498632
1973,Cn1c(COC(N)=O)ncc1[N+]([O-])=O,-0.48340199815930873
1974,CC(C)=C[C@@H]1[C@@H](C(=O)OCN2C(=O)C3=C(CCCC3)C2=O)C1(C)C,51.38574348325534
1975,CO[P](=O)(OC)OC(/C)=C/C(=O)OC(C)c1ccccc1,5.484719231137291
1976,Nc1cc(ccc1Br)[N+]([O-])=O,-4.776864870705779
1977,COc1ccc(cc1)C(O)(C2CC2)c3cncnc3,-41.86200535840064
1978,CCCS[P](=O)(OCC)SCCC,38.74345467847161
1979,CC1CCOC1,29.95450912052293
1980,C[C@H]([C@H](C)C([O-])=O)C([O-])=O,33.06280800184136
1981,CCO[P](=S)(OCC)Oc1cnc2ccccc2n1,-31.015545171255326
1982,ClCC(CCl)O[P](=O)(OC(CCl)CCl)OC(CCl)CCl,38.29023318549366
1983,CCOC(=O)Nc1cccc(OC(=O)Nc2ccccc2)c1,-39.21644364140914
1984,COC(=O)Nc1cccc(OC(=O)Nc2cccc(C)c2)c1,-39.27423364140898
1985,CC(=O)OC1(CCC2C3C=C(Cl)C4=CC(=O)C=CC4(C)C3CCC12C)C(C)=O,60.3962263557907
1986,CCC(C)N,27.50214628484801
1987,CN1c2ccccc2Sc3ccc(CC(O)=O)cc13,-37.7156008426044
1988,CC(C)[C@@H]1CC[C@@H](C)CC1=O,35.774999007121664
1989,CCCC(CC)(CC)CO,31.588845984300576
1990,COc1ccc(Oc2ccc(NC(=O)N(C)C)cc2)cc1,-40.208473828554645
1991,Cc1cccc(C)c1NC(=O)c2cc(c(Cl)cc2O)[S](N)(=O)=O,-27.2013506185871
1992,CN1CC[C@]23[C@H]4Oc5c(OCc6ccccc6)ccc(C[C@@H]1[C@@H]2C=C[C@@H]4O)c35,-30.353802786404856
1993,COC(=O)C(Cl)Cc1ccc(Cl)cc1,-1.374282185304338
1994,Cc1ccccc1Oc2cccnn2,-44.279739386501035
1995,CCN(CC)C(=O)C(C)Oc1cccc2ccccc12,-29.241715321528773
1996,Ic1ccccc1C(=O)Nc2ccccc2,-37.031190692330085
1997,CCCCC(C)(C)CCC,32.87245165565065
1998,OCC(O)[C@H]1OC2O[C@@H](O[C@@H]2[C@H]1O)C(Cl)(Cl)Cl,30.29754598429959
1999,OC(=O)CC(Cl)C(O)=O,32.00025665914109
2000,CCNC(=O)[C@H](C)OC(=O)Nc1ccccc1,-3.765793641408493
2001,C=COC1CC1,34.82577647199424
2002,O[C@H](C(O)=O)c1ccccc1,-5.038816363679572
2003,CC(C)OC(C)(C)C,30.240248970249866
2004,CC1Nc2cc(Cl)c(cc2C(=O)N1c3ccccc3C)[S](N)(=O)=O,-27.04616211156292
2005,CC(C)OC(=O)C(O)(c1ccc(Br)cc1)c2ccc(Br)cc2,-33.60454666423061
2006,COC(=O)C1=CO[C@@H](O[C@@H]2O[C@H](CO)[C@@H](O)[C@H](O)[C@H]2O)[C@@H]3[C@@H](C)[C@@H](O)C[C@H]13,36.726215757481725
2007,CC(C)(C)NCC(O)c1ccc(O)c(CO)c1,-6.81609550867438
2008,CNC(=O)N(C)c1sc2ccccc2n1,-27.65623502097921
2009,CCCN(CCC)c1c(cc(cc1[N+]([O-])=O)[S](N)(=O)=O)[N+]([O-])=O,11.581825089630144
2010,CCC(C)C(O)C(C)CC,31.347255984300475
2011,CC(C)C(C)CO,29.800020463224328
2012,CCCCCCCCCCCCOC(=O)c1ccc(N)cc1,0.36884004927262026
2013,CCOC(=O)C(C)N(C(=O)c1ccccc1)c2ccc(Cl)c(Cl)c2,-33.14303513438455
2014,CO[P](=O)(OC)OC(=C/Cl)/c1cc(Cl)c(Cl)cc1Cl,4.876022180215671
2015,CNC(=O)Oc1cccc2OC(C)(C)Oc12,-4.953805171254771
2016,COc1ccc(C[C@@H]2NC[C@@H](O)[C@@H]2OC(C)=O)cc1,-3.2863196501791094
2017,CCNc1nc(NC(C)C(C)C)nc(SC)n1,-12.808605508673963
2018,CN(C)C(=O)Oc1nc(nc(C)c1C)N(C)C,-9.894320992879187
2019,CCCCOCN(C(=O)CCl)c1c(CC)cccc1CC,0.4535430352208607
2020,CO[P](=O)(OC)OC1=C(Cl)C2C=CCC12,45.30774221708678
2021,OC(=O)C1=CNC(=O)NC1=O,1.1493583392616245
2022,CCCCC1=C(C)NC(=NC1=O)NCC,-3.5570938285534908
2023,CC(C)(NC(=O)c1cc(Cl)cc(Cl)c1)C#C,-50.54156529426797
2024,CC1=C(CCCO1)C(=O)Nc2ccccc2,0.8924635229172964
2025,Cc1occc1C(=O)Nc2ccccc2,-31.941247856654527
2026,CCO[P](=S)(OCC)SCCl,37.640689157395784
2027,CNC(=O)N(C)c1sc(nn1)C(F)(F)F,-4.389345020979775
2028,CCOC1Oc2ccc(O[S](C)(=O)=O)cc2C1(C)C,9.180860536966605
2029,CCNc1nc(NC(C)CC)nc(OC)n1,-14.942054015699853
2030,CCCN(CC1CC1)c2c(cc(cc2[N+]([O-])=O)C(F)(F)F)[N+]([O-])=O,0.9144790439848123
2031,CC(Cl)=CCl,33.98269945794411
2032,ClC(Cl)C(=O)NC1=C(Cl)C(=O)c2ccccc2C1=O,8.760492554507238
2033,OC(=O)c1cccc(Cl)c1C(O)=O,-2.372766176534185
2034,CCOC(C)C(=O)C(O)O,30.432336321720612
2035,CCN(CC)c1c(cc(c(N)c1[N+]([O-])=O)C(F)(F)F)[N+]([O-])=O,-4.846797970064273
2036,CCCN(CCC)c1c(cc(c(N)c1[N+]([O-])=O)C(F)(F)F)[N+]([O-])=O,-3.984060956016208
2037,CCSCc1ccccc1OC(=O)NC,-2.973825171253793
2038,CC[S](=O)(=O)c1sc(nn1)N(C)C(=O)NC,11.724228038712113
2039,OCCOCCOC(=O)c1ccccc1Nc2cccc(c2)C(F)(F)F,-40.566299650187574
2040,Cc1cc2cccc3ccc4c5ccccc5cc1c4c23,-101.236403715151
2041,COc1cc(Oc2ccc(Cl)cc2Cl)ccc1[N+]([O-])=O,-36.736792185305646
2042,CCCN(CCCl)c1c(cc(cc1[N+]([O-])=O)C(F)(F)F)[N+]([O-])=O,-1.1028951343899678
2043,CCC(C)Nc1c(cc(cc1[N+]([O-])=O)C(C)(C)C)[N+]([O-])=O,0.7633918796666137
2044,CCCN(CCC)c1c(cc(cc1[N+]([O-])=O)C(C)C)[N+]([O-])=O,1.93043038669245
2045,CNC(=O)N(C)c1sc(nn1)C(C)(C)C,-0.7428994999041834
2046,Clc1cc(Br)c(OC(=O)C=C)c2ncccc12,-26.05263050518404
2047,CCO[P](=S)(NC(C)CC)Oc1cc(C)ccc1[N+]([O-])=O,3.2012418796668953
2048,CCO[P](=O)(Oc1ccc(Cl)cc1Cl)Oc2ccc(Cl)cc2Cl,-34.16917800693221
2049,CCC#CC(C)C,-18.329476824115318
2050,CO[P](=S)(OC)SCCSC(C)C,39.20061900712119
2051,CCCCCCCCCCCCCCCCO,35.57617553347828
2052,CCC(C)N(C(C)CC)C(=O)SCc1ccccc1,0.850444528197329
2053,NC(=O)c1cc(Cl)cc(Cl)c1N,-6.777189199354865
2054,CCCCCCCCCOC(=O)c1ccc(N)cc1,-1.3810054718033768
2055,ClC(Cl)C(=O)N(CC=C)CC=C,41.42420520303811
2056,CC(C)(C)C(=O)C(Oc1ccc(Cl)cc1)n2ccnc2,-30.819986664229646
2057,CC\1=C(CC(O)=O)c2cc(F)ccc2C1=C\c3ccc(cc3)[S](C)=O,-19.30998341739189
2058,CCOC(=O)CN(C(=O)CCl)c1c(CC)cccc1CC,1.8031347153416277
2059,CC1(C)C(C(=O)OC(C#N)c2cccc(Oc3ccccc3)c2)C1(C)C,-83.84479425211782
2060,COC(=O)[C@@H]1C2CC(C=C2)[C@@H]1C(=O)OC,42.15358788843824
2061,CCC(CC)Nc1c(cc(C)c(C)c1[N+]([O-])=O)[N+]([O-])=O,0.3843633726422979
2062,COC(C)(C)CCCC(C)C\C=C\C(C)=C\C(=O)OC(C)C,45.99925878031573
2063,CCOC(=O)\C=C(C)\C=C\CC(C)CCCC(C)C,45.54708893058978
2064,COc1ccc(cc1C)C(=O)c2cccc(C)c2,-35.87409800692916
2065,Cc1cccc2sc3nncn3c12,-50.361173564876665
2066,COCCN(C(=O)CCl)c1c(C)cccc1C,-2.004010992878989
2067,CC(=O)O[C@@H](C(O)=O)c1ccccc1,-1.659239162483928
2068,CCCOCCN(C(=O)CCl)c1c(CC)cccc1CC,0.48534303522112054
2069,CNC(=O)Oc1ccccc1OC(CCl)OC,-4.393942335579197
2070,O=C1CC=NC=N1,35.671584010611525
2071,CC(C)OC(=O)C(C)N(C(=O)c1ccccc1)c2ccc(F)c(Cl)c2,-33.826426627362736
2072,COC(=O)C(C)N(C(=O)c1ccccc1)c2ccc(F)c(Cl)c2,-34.737543641409104
2073,CC1(C)[C@@H](C=C(Br)Br)[C@H]1C(=O)O[C@H](C#N)c2cccc(Oc3ccccc3)c2,-77.06379690065441
2074,CC(C)Cc1ccc(cc1)C(C)C(=O)NO,-2.1161709928786365
2075,CC(=O)Nc1cc(N[S](=O)(=O)C(F)(F)F)c(C)cc1C,5.7602893814074605
2076,O=C1CN(CC2N1CCc3ccccc23)C(=O)C4CCCCC4,3.1848945650677933
2077,CCN(CC(C)=C)c1c(cc(cc1[N+]([O-])=O)C(F)(F)F)[N+]([O-])=O,2.3719407241058548
2078,OC(=O)COc1nc(Cl)c(Cl)cc1Cl,-4.959499199355903
2079,CO[P](=S)(OC)Oc1c(Cl)cc(C)cc1Cl,1.0037463217197171
2080,FC(F)(F)c1cccc(c1)C(n2cncn2)(c3ccccc3)c4ccccc4,-106.45380819408376
2081,CC(C)OC(=O)[C@H](C)N(C(=O)c1ccccc1)c2ccc(F)c(Cl)c2,-33.93104662736192
2082,COC1OC(CNC(=O)N(CCCl)N=O)C(O)C(O)C1O,30.059120386688363
2083,CN1C=C(c2ccccc2)C(=O)C(=C1)c3cccc(c3)C(F)(F)F,-70.58058084260969
2084,OC(c1ccc(Cl)cc1)(c2cncnc2)c3ccccc3Cl,-77.21968520812673
2085,CCCC1COC(Cn2cncn2)(O1)c3ccc(Cl)cc3Cl,-34.71913118002581
2086,CCC1COC(Cn2cncn2)(O1)c3ccc(Cl)cc3Cl,-35.308219687051235
2087,CCN(Cc1c(F)cccc1Cl)c2c(cc(cc2[N+]([O-])=O)C(F)(F)F)[N+]([O-])=O,-36.36963797006479
2088,OC(c1ccc(F)cc1)(c2cncnc2)c3ccccc3Cl,-78.46139520812694
2089,CO[P](=S)(OC)SCC(=O)N(C(C)C)c1ccc(Cl)cc1,5.8464662083164285
2090,CC(=O)OC[C@H]([C@@H](OC(C)=O)c1ccccc1)[N+]([O-])=O,2.3890450527614746
2091,Nc1nc(N)nc(NC2CC2)n1,-17.449208043801136
2092,CC(C)Oc1cccc(NC(=O)c2ccccc2C(F)(F)F)c1,-39.831033828561715
2093,CC(C)(C)C(O)C(Cc1ccc(Cl)cc1Cl)n2cncn2,-34.7361811800248
2094,CCOC(=O)C(C)Oc1cccc(Oc2sc3cc(Cl)ccc3n2)c1,-57.06876666423
2095,Cc1cccc(C)c1N(Cn2cccn2)C(=O)CCl,-32.75339233557867
2096,CC(CN1C[C@H](C)O[C@H](C)C1)Cc2ccc(cc2)C(C)(C)C,0.04685553347681548
2097,CCOC(=O)CNc1nc(Cl)nc(NC(C)C)n1,-12.087993828554602
2098,CC(C)C(Nc1ccc(cc1Cl)C(F)(F)F)C(=O)OC(C#N)c2cccc(Oc3ccccc3)c2,-123.33037858077347
2099,Clc1cccc(c1)N(C2CCOC2=O)C(=O)C3CC3,2.8589220299415956
2100,CCCCOC(=O)C(C)Oc1ccc(Oc2ccc(cn2)C(F)(F)F)cc1,-39.70245114316222
2101,COC(=O)c1ccc(C)cc1C2=NC(C)(C(C)C)C(=O)N2,3.0491749024881187
2102,COC(=O)c1cc(C)ccc1C2=NC(C)(C(C)C)C(=O)N2,3.0045649024881413
2103,COC(=O)C(C)N(C(=O)Cc1ccccc1)c2c(C)cccc2C,-33.351208120333695
2104,CCOC(=O)NCCOc1ccc(Oc2ccccc2)cc1,-38.85669815720476
2105,CC(Oc1ccccc1Cl)C(O)=O,-3.448327856654828
2106,CCOC(=O)C(C)Oc1ccc(Oc2cnc3cc(Cl)ccc3n2)cc1,-67.32581382855895
2107,CCOC(=O)C(C)Oc1ccc(Oc2oc3cc(Cl)ccc3n2)cc1,-58.156516664232385
2108,CC(C)C12CCC(C)(O1)C(C2)OCc3ccccc3C,0.6042028480756017
2109,CCCCC(Cn1cncn1)(C#N)c2ccc(Cl)cc2,-86.13495130303876
